score,label,segment
0.35818282642621974,0.0,2
0.49269447676416434,0.0,2
0.11770904455562352,1.0,0
0.6481083932874312,0.0,3
0.38956373286016277,0.0,2
0.05763354867245901,0.0,0
0.24200960711500186,0.0,1
0.37596158050865897,1.0,2
0.36232778547079625,1.0,2
0.13809805725248323,0.0,0
0.0991086689452135,0.0,0
0.24653026636686007,0.0,1
0.3026219316832306,0.0,1
0.10141555869158934,0.0,0
0.09455539519008505,0.0,0
0.41382217521335884,0.0,2
0.1272086524236803,0.0,0
0.7070457790498695,1.0,3
0.4003944135176894,1.0,2
0.13502921323061917,1.0,0
0.25493745918001076,1.0,1
0.19638054888717116,0.0,0
0.2078194489759764,1.0,0
0.1690754633020037,0.0,0
0.688140361387845,0.0,3
0.2849980294591981,0.0,1
0.07781901140950326,0.0,0
0.050162864698687824,0.0,0
0.3999735154983595,0.0,2
0.6934859914642743,1.0,3
0.5290429842024932,0.0,3
0.3411216715683323,0.0,1
0.13055968203670915,0.0,0
0.18007964792098066,0.0,0
0.15084115760387845,0.0,0
0.28492710751706274,1.0,1
0.3437454130321139,0.0,1
0.5791346767134432,1.0,3
0.0557785167673853,0.0,0
0.19647170943258646,0.0,0
0.13510522388791646,0.0,0
0.24725700993787608,0.0,1
0.3101347535795589,0.0,1
0.5054206141760417,0.0,2
0.31981653874818233,0.0,1
0.3214118319955005,1.0,1
0.5809185533834732,1.0,3
0.36159555902360807,1.0,2
0.2253383467890622,0.0,1
0.1751728628997093,0.0,0
0.1116704402066321,0.0,0
0.4020514492452256,0.0,2
0.256289203913247,0.0,1
0.2092620427391952,1.0,0
0.3297059399833402,0.0,1
0.42890419357593407,1.0,2
0.3396365116875378,0.0,1
0.3277459839507115,1.0,1
0.18276713153961588,0.0,0
0.5374568536682014,1.0,3
0.17146217544311265,1.0,0
0.2776808599385581,1.0,1
0.3119581029509333,0.0,1
0.5025743071736591,1.0,2
0.22093625984387635,0.0,1
0.434434078762168,0.0,2
0.09327682141242855,0.0,0
0.042549409854660686,0.0,0
0.3974759638664002,0.0,2
0.2770967092103167,0.0,1
0.08851970633534449,0.0,0
0.22923820504911063,0.0,1
0.35362943618994935,0.0,2
0.07224433363260248,0.0,0
0.29045547397823046,0.0,1
0.4954978429590188,1.0,2
0.5444528564047615,1.0,3
0.39217582024425485,1.0,2
0.3103778334720336,0.0,1
0.576595099472038,1.0,3
0.5489120654765259,1.0,3
0.041265681290520925,0.0,0
0.24607150385204965,1.0,1
0.08599346818784989,0.0,0
0.08630730141813045,0.0,0
0.3492138318186651,0.0,1
0.4415961444395165,0.0,2
0.3147108631706032,0.0,1
0.15917630072361844,0.0,0
0.4056762595848086,1.0,2
0.157909100880344,0.0,0
0.20034930793475092,1.0,0
0.143895600417539,0.0,0
0.6281331120596145,0.0,3
0.323689864555447,1.0,1
0.19824200359382782,0.0,0
0.025338238866333476,0.0,0
0.07754472692797844,0.0,0
0.27112750638955224,1.0,1
0.326502979627243,0.0,1
0.2969552337412989,0.0,1
0.3293408144773902,1.0,1
0.47679016928347506,1.0,2
0.6432043426928435,1.0,3
0.08835021518246679,0.0,0
0.02479077912293696,0.0,0
0.07806098912374755,0.0,0
0.5595708123933323,1.0,3
0.1691313121189021,0.0,0
0.03524677015744674,0.0,0
0.11764695001639279,0.0,0
0.09442685340042033,0.0,0
0.27536530071545295,0.0,1
0.19879169163990756,1.0,0
0.39836749047798764,0.0,2
0.28684296145971416,0.0,1
0.15467152994074668,0.0,0
0.06441425593118243,0.0,0
0.7341041956973052,1.0,3
0.25949238940549935,0.0,1
0.07030776105763248,0.0,0
0.14723248823845683,1.0,0
0.3337001414744214,1.0,1
0.46655832454678553,0.0,2
0.21198237839965464,0.0,0
0.17941364262654766,0.0,0
0.25466539355066875,0.0,1
0.5196460925287367,0.0,3
0.07258960719422392,0.0,0
0.17777383080594292,1.0,0
0.5852120272662628,1.0,3
0.2837603289983038,1.0,1
0.05823395205395682,0.0,0
0.4958736537779732,0.0,2
0.3121816586934401,0.0,1
0.34865739162729364,1.0,1
0.3444347450449802,1.0,1
0.4191715850833364,1.0,2
0.357020339635904,0.0,2
0.37505473939205886,0.0,2
0.3310958824097494,1.0,1
0.09213818364117442,0.0,0
0.5147318308632299,1.0,3
0.15016767889845828,0.0,0
0.09405914829177006,0.0,0
0.2058409688565571,0.0,0
0.022789456416070424,0.0,0
0.3112309347789419,1.0,1
0.3128159195411887,1.0,1
0.49685798323671343,0.0,2
0.21866026833955013,0.0,0
0.28522166234373864,0.0,1
0.24589727735114564,1.0,1
0.1316833079070564,0.0,0
0.2510195759457849,0.0,1
0.38767703347174925,1.0,2
0.13423058740555865,0.0,0
0.06962752393471838,0.0,0
0.13728711847081274,1.0,0
0.11271584965049238,0.0,0
0.14273987607175206,0.0,0
0.14887919688208984,0.0,0
0.29475620231709787,1.0,1
0.12317155785572749,0.0,0
0.2402672183344091,1.0,1
0.3682751561582947,0.0,2
0.023368750790665832,0.0,0
0.18011360270436338,0.0,0
0.5664889120985684,1.0,3
0.1499939249438512,1.0,0
0.2706373220947268,0.0,1
0.025490148607446275,0.0,0
0.7772038153303038,1.0,3
0.23343278431372538,0.0,1
0.2880905187303399,0.0,1
0.13151449788654365,0.0,0
0.20336721781112077,0.0,0
0.4351742808785431,1.0,2
0.13613536529060424,0.0,0
0.27467025034379716,0.0,1
0.32844966008609866,1.0,1
0.21155765247562308,0.0,0
0.26964040954807106,0.0,1
0.326684866100914,1.0,1
0.10461351066147076,0.0,0
0.2053703857797413,0.0,0
0.3280106987241625,1.0,1
0.46490241545472816,0.0,2
0.4303508763826815,0.0,2
0.03340664215970085,0.0,0
0.33307756039287345,0.0,1
0.5092731238073426,1.0,2
0.24303411654593654,0.0,1
0.32904823766353763,0.0,1
0.22689223785562637,1.0,1
0.29097372934805227,0.0,1
0.34832273907405414,1.0,1
0.42143064146136994,0.0,2
0.3373244970682752,0.0,1
0.24578695283477298,0.0,1
0.36719191789536026,1.0,2
0.1308533571918099,0.0,0
0.3079057346460925,1.0,1
0.21090699158226298,0.0,0
0.44517666140868734,1.0,2
0.102634650549897,0.0,0
0.17018708967398505,0.0,0
0.6404931018003064,1.0,3
0.26808778611608786,0.0,1
0.5263229430571376,0.0,3
0.25441668161759123,0.0,1
0.5606016185976544,1.0,3
0.455881678081148,1.0,2
0.4355196815874369,0.0,2
0.367669516794216,1.0,2
0.3225450754152738,0.0,1
0.2672723728505612,0.0,1
0.325565231670747,1.0,1
0.5338158713652984,0.0,3
0.41490123470290635,0.0,2
0.31545996053809544,0.0,1
0.43331077268562457,0.0,2
0.24965188545909697,0.0,1
0.1758472677446958,0.0,0
0.1359936565913526,0.0,0
0.4076653418198122,1.0,2
0.3214326261805599,0.0,1
0.2820109232072602,1.0,1
0.07921996828247767,0.0,0
0.24979442934507814,0.0,1
0.32526143827661813,0.0,1
0.14817269196293192,1.0,0
0.42097465416109797,1.0,2
0.07901891783393851,0.0,0
0.0804063506566468,0.0,0
0.2805694368148667,0.0,1
0.08265628326612952,0.0,0
0.16561161121408327,0.0,0
0.13407339849846134,0.0,0
0.28281278915789865,1.0,1
0.044095497234737574,0.0,0
0.1920562202309613,0.0,0
0.45800616378938536,0.0,2
0.5326061676151987,1.0,3
0.10753192680503194,0.0,0
0.08330041013163901,0.0,0
0.2787014090449745,0.0,1
0.17384060332877602,0.0,0
0.03219752116947498,0.0,0
0.19638120608441667,1.0,0
0.40671661471645115,0.0,2
0.07802160126404542,0.0,0
0.26806389721094376,0.0,1
0.41102801369020736,1.0,2
0.3296349347028035,1.0,1
0.3981336333938475,0.0,2
0.4419370500676894,0.0,2
0.16479678085714156,1.0,0
0.4215746578230853,0.0,2
0.27716658814643924,0.0,1
0.09026089221636006,0.0,0
0.3900260701849354,0.0,2
0.5282817312338072,1.0,3
0.18184490790257854,0.0,0
0.3279693358511139,1.0,1
0.5200599299834395,1.0,3
0.36435506496879466,1.0,2
0.26492371926833946,1.0,1
0.1345579153842902,0.0,0
0.39492557297495284,0.0,2
0.11911990777660333,0.0,0
0.08039029562458257,0.0,0
0.4166892485186686,1.0,2
0.20221085859780177,1.0,0
0.11101931833465582,0.0,0
0.24386931400489262,0.0,1
0.036634364614981464,0.0,0
0.20850832019290633,0.0,0
0.191258363509934,0.0,0
0.3120604137451832,0.0,1
0.5155389840218327,1.0,3
0.24435735536850592,0.0,1
0.3087550918573229,1.0,1
0.329671563091605,0.0,1
0.21866786233298066,0.0,0
0.13447362609112923,0.0,0
0.20540430970776863,0.0,0
0.16772437543333057,0.0,0
0.11188465419372677,0.0,0
0.2104548116618902,1.0,0
0.49352356725104185,1.0,2
0.3181077324412309,0.0,1
0.2526448840443171,0.0,1
0.24106021724247714,0.0,1
0.2455081955193409,0.0,1
0.09402049114322998,0.0,0
0.1675177498022193,0.0,0
0.5254662408321993,0.0,3
0.2838337529409274,0.0,1
0.4848665693057165,1.0,2
0.5962277006440839,1.0,3
0.1580734674083695,0.0,0
0.3899227757726791,0.0,2
0.14329104681287028,0.0,0
0.24477526626571924,0.0,1
0.4706628046998629,0.0,2
0.5318443649866543,0.0,3
0.2977106115485597,0.0,1
0.34817030595810144,0.0,1
0.0841791037610808,0.0,0
0.651886337535186,1.0,3
0.43766701706280176,1.0,2
0.08728764497067583,1.0,0
0.29686022746887625,0.0,1
0.1659724960150764,1.0,0
0.4678121397843256,0.0,2
0.2981855721753887,0.0,1
0.0050768217004300824,0.0,0
0.1671499841606914,0.0,0
0.23992592832701176,0.0,1
0.37431311967002406,1.0,2
0.32032692519999273,0.0,1
0.14184656149515545,0.0,0
0.11904779537601516,1.0,0
0.34575489067892096,1.0,1
0.4114466695179198,0.0,2
0.25378299530928194,0.0,1
0.6871585039369968,1.0,3
0.45418314582302355,1.0,2
0.5525965925473855,1.0,3
0.5122434161346602,1.0,3
0.0879060805691311,0.0,0
0.5164678318013971,0.0,3
0.6170955133915356,1.0,3
0.23772106947544178,0.0,1
0.3515489969068776,0.0,2
0.5013864434814679,0.0,2
0.3428234718087989,0.0,1
0.319712308348068,0.0,1
0.09770754918184164,0.0,0
0.11461059775100162,0.0,0
0.1699665542061671,0.0,0
0.3221459176867392,0.0,1
0.3393645904282165,0.0,1
0.31020089674615237,0.0,1
0.013860528377363622,1.0,0
0.3014566453007238,0.0,1
0.2063935278857108,1.0,0
0.2611059981230307,0.0,1
0.1474709286513067,0.0,0
0.28980320370483714,1.0,1
0.16770311965089196,1.0,0
0.16637371809465115,0.0,0
0.11442790298066013,0.0,0
0.130814826825756,0.0,0
0.14381785212953477,0.0,0
0.40988601150776793,0.0,2
0.33021266968904317,0.0,1
0.2899706178592103,1.0,1
0.23573463642772502,1.0,1
0.5635391292626457,0.0,3
0.3059970671545505,0.0,1
0.14508742333861419,0.0,0
0.24333653746267855,0.0,1
0.23600233464112952,0.0,1
0.1470395813116367,1.0,0
0.4503478710685977,0.0,2
0.4407684231669082,1.0,2
0.08119221762072304,0.0,0
0.24833120304768955,0.0,1
0.596519205156152,0.0,3
0.47121229250133895,1.0,2
0.6376990647195588,0.0,3
0.4641384517995216,1.0,2
0.1731981360036207,1.0,0
0.20132332872479375,0.0,0
0.31729722624046724,0.0,1
0.3638291586638851,0.0,2
0.21193673987839554,0.0,0
0.2058490089751269,0.0,0
0.5148878703827751,0.0,3
0.2146207268378286,0.0,0
0.6358922829091995,0.0,3
0.47356875367059836,0.0,2
0.5785177498228421,0.0,3
0.3063455122790191,0.0,1
0.18793976249641559,0.0,0
0.21762369843738477,0.0,0
0.23379195273253886,0.0,1
0.4043055944494906,0.0,2
0.19959676421990025,0.0,0
0.2488162255941599,0.0,1
0.35070610179393547,1.0,2
0.6450460150922904,0.0,3
0.3229771184701679,1.0,1
0.1873753812859172,0.0,0
0.1773921599737644,0.0,0
0.2616172119674139,1.0,1
0.5193500209701115,0.0,3
0.1845101603686234,1.0,0
0.3299567232582219,1.0,1
0.5138123405310053,1.0,3
0.3692593473035312,0.0,2
0.42718607864784597,1.0,2
0.02101846744632884,0.0,0
0.6544742540957669,1.0,3
0.39183514323246654,1.0,2
0.10142925712639084,0.0,0
0.44100931439479735,0.0,2
0.4954492634541266,0.0,2
0.4230763193644855,0.0,2
0.07924904230536169,0.0,0
0.6540387014531647,0.0,3
0.062397407131085755,0.0,0
0.3822703257505723,0.0,2
0.15524771468867785,0.0,0
0.0880962816532575,0.0,0
0.05775582134526408,0.0,0
0.2584739354790432,0.0,1
0.17269814436138403,0.0,0
0.14228918543047267,0.0,0
0.3468745246214537,0.0,1
0.2603252918029962,0.0,1
0.14897155791886796,0.0,0
0.10566590754604253,0.0,0
0.3188503778935749,0.0,1
0.08108718322524104,0.0,0
0.1563621957310444,0.0,0
0.21982453339405175,0.0,1
0.5697335780186841,0.0,3
0.5719497382234064,0.0,3
0.19504359023773732,0.0,0
0.655906111972191,0.0,3
0.42154268606941203,0.0,2
0.5459399244405841,1.0,3
0.3003761181308786,1.0,1
0.16019318286373915,0.0,0
0.2129476721993244,0.0,0
0.04814874011173112,0.0,0
0.253360885526118,0.0,1
0.18858377652427383,0.0,0
0.27033130919042486,0.0,1
0.09192333764001055,0.0,0
0.40220786260061975,1.0,2
0.17956627785739174,0.0,0
0.21408103219745264,0.0,0
0.22345638420184624,0.0,1
0.43993202173506957,0.0,2
0.18884591979875215,0.0,0
0.11224506551282697,0.0,0
0.3873461327441834,0.0,2
0.47099682371597734,0.0,2
0.14204958104145887,0.0,0
0.39651643888193544,0.0,2
0.015437893190655442,1.0,0
0.39526094347381585,1.0,2
0.22772541642876168,0.0,1
0.12847319334659535,0.0,0
0.599124419517668,0.0,3
0.4565315243058167,0.0,2
0.35232713646262515,0.0,2
0.17273207944092359,0.0,0
0.2078046019742254,0.0,0
0.49637914418005513,1.0,2
0.45548272359737313,1.0,2
0.37532346227803254,1.0,2
0.37482076939801157,0.0,2
0.13636418034943393,0.0,0
0.1877744139153738,0.0,0
0.29741725934457375,0.0,1
0.13970379916592132,0.0,0
0.3268040280444732,0.0,1
0.10251576340290272,1.0,0
0.2896657887115494,0.0,1
0.40570272232444865,0.0,2
0.5985996662097481,1.0,3
0.17967524067792426,0.0,0
0.4240201527809129,0.0,2
0.5880268457399734,0.0,3
0.26901226383971527,0.0,1
0.2883511904992019,1.0,1
0.5405173560457657,1.0,3
0.46712361475031855,1.0,2
0.22466216694574337,1.0,1
0.33057014643465826,1.0,1
0.1256279006552924,0.0,0
0.4062876336878652,0.0,2
0.09165239624415938,0.0,0
0.11015157316287909,0.0,0
0.33431525459424566,0.0,1
0.17291342673686796,0.0,0
0.036973747615728886,0.0,0
0.5387436277778086,0.0,3
0.18859263878967608,0.0,0
0.20455152707280835,0.0,0
0.22857649270283945,0.0,1
0.08623764686937677,1.0,0
0.14568108995306372,0.0,0
0.3562444982492932,1.0,2
0.33324802687163085,0.0,1
0.20011530040725767,0.0,0
0.20606319877815002,0.0,0
0.07394849743746058,0.0,0
0.2286485195359203,0.0,1
0.09779850525948085,0.0,0
0.5659482064087039,0.0,3
0.08529599535448676,0.0,0
0.08674185822540745,0.0,0
0.5572840228951025,0.0,3
0.30853096097909805,0.0,1
0.19290242865973745,1.0,0
0.28560896485796705,0.0,1
0.47713221883971396,0.0,2
0.2162213409214449,0.0,0
0.4682823183563925,1.0,2
0.37297134764037454,0.0,2
0.40818210277564093,1.0,2
0.11598613594050895,0.0,0
0.3367737051684548,0.0,1
0.12560476829193726,0.0,0
0.5578427255986996,0.0,3
0.3781064187929846,0.0,2
0.16931562421336938,0.0,0
0.10087202124185841,0.0,0
0.3761126289359669,0.0,2
0.07830792384306565,0.0,0
0.22001110365150983,0.0,1
0.32382611976432685,1.0,1
0.37445738120963246,0.0,2
0.43187184178233273,1.0,2
0.3467089693037566,0.0,1
0.5124873051150146,0.0,3
0.42877200041633906,0.0,2
0.25414351462449075,0.0,1
0.4820792146150142,0.0,2
0.12431038605037742,0.0,0
0.21548096169851855,0.0,0
0.23305704078357414,1.0,1
0.4555223604094669,1.0,2
0.07869187600832464,0.0,0
0.3253528610996269,0.0,1
0.026846539238896423,0.0,0
0.24690410771428367,0.0,1
0.06763710098158163,0.0,0
0.4939385959618841,0.0,2
0.28826029341683457,0.0,1
0.458808274215578,1.0,2
0.35914038044155844,1.0,2
0.13219606983218016,0.0,0
0.14364607311716512,0.0,0
0.3368238331113729,0.0,1
0.2640623950763117,1.0,1
0.18981979821131365,1.0,0
0.5785442150340493,0.0,3
0.23149224592805262,0.0,1
0.05717886084910619,0.0,0
0.5060367281432271,1.0,2
0.393145545283289,1.0,2
0.3871485955140438,0.0,2
0.28628469939014134,0.0,1
0.10147837029799636,0.0,0
0.631915016713926,0.0,3
0.11136080255095109,0.0,0
0.1529847149923489,0.0,0
0.220098727753684,0.0,1
0.13478549747817775,0.0,0
0.5832477812199967,0.0,3
0.2947334184920075,0.0,1
0.06929687228073211,0.0,0
0.10441195812402024,0.0,0
0.1090368190338976,0.0,0
0.0863571193925964,0.0,0
0.10439704012117416,0.0,0
0.20533443776669952,0.0,0
0.6630231701612321,1.0,3
0.19187003030051705,0.0,0
0.0519618881691114,0.0,0
0.6432597673221916,1.0,3
0.25619895520634844,0.0,1
0.4362763759504178,0.0,2
0.25960922621313337,1.0,1
0.3363970020007248,0.0,1
0.09276790492309987,0.0,0
0.31176219682351003,1.0,1
0.2750823418395559,1.0,1
0.26713658219305814,0.0,1
0.34483545284557376,0.0,1
0.5972867726620108,1.0,3
0.720463768096907,1.0,3
0.14695402372508148,0.0,0
0.20070077452600338,0.0,0
0.2324970055738546,0.0,1
0.176647259705756,0.0,0
0.26489140490597485,0.0,1
0.8096854328890339,0.0,3
0.32394500668674875,1.0,1
0.22298391742317866,0.0,1
0.3611689336877663,0.0,2
0.49149265363537653,0.0,2
0.21837217234540932,0.0,0
0.20844807029524648,0.0,0
0.3345562986504844,0.0,1
0.34092865875198713,0.0,1
0.29202325265507945,1.0,1
0.08103992229648006,0.0,0
0.2632827774306981,0.0,1
0.14998395678561655,0.0,0
0.09863528617612395,0.0,0
0.12444273870894111,1.0,0
0.21350067245435575,0.0,0
0.03778681838218245,0.0,0
0.2510907869760353,0.0,1
0.4790958916504751,1.0,2
0.09230002526790729,0.0,0
0.38658390528562875,0.0,2
0.31364660431501185,0.0,1
0.16370114970346158,1.0,0
0.3565185714986643,0.0,2
0.3732727365823464,1.0,2
0.13138842145691312,0.0,0
0.2899065851599811,0.0,1
0.5080843822580127,0.0,2
0.7416537067044614,0.0,3
0.5679331768545043,1.0,3
0.11035046774200531,0.0,0
0.3753998220156225,1.0,2
0.2560067370999542,0.0,1
0.16137732559293208,1.0,0
0.14041901260821685,0.0,0
0.04728061236568353,0.0,0
0.28341255189469317,1.0,1
0.07862521076042467,0.0,0
0.5330649194602677,1.0,3
0.6088670743384359,1.0,3
0.02751612193374914,1.0,0
0.2140425349991223,0.0,0
0.42595023854365777,0.0,2
0.08826007956309552,0.0,0
0.6727614932291388,1.0,3
0.11389987547003433,0.0,0
0.6889030032303379,1.0,3
0.25046436344570955,0.0,1
0.12659702269336862,0.0,0
0.21074968564408783,1.0,0
0.20694537450083744,0.0,0
0.6308455251081437,1.0,3
0.07761441863720855,0.0,0
0.3358633292017535,1.0,1
0.4519384064034627,0.0,2
0.2069318516147389,0.0,0
0.1274570527021355,0.0,0
0.14667309633092476,0.0,0
0.4830971006902329,0.0,2
0.39038944782757856,1.0,2
0.512759398293721,0.0,3
0.27636697548920275,0.0,1
0.3708044448137392,0.0,2
0.5560761561088042,1.0,3
0.4776792371573228,1.0,2
0.4692169641755968,0.0,2
0.13155319055530795,0.0,0
0.3688091632238204,0.0,2
0.16577194335630846,0.0,0
0.1431448026817416,0.0,0
0.709701897401203,1.0,3
0.4381604304685861,0.0,2
0.3464425049740931,0.0,1
0.13615593649039995,0.0,0
0.23119810546948874,0.0,1
0.3635502719397735,0.0,2
0.14106758815968853,0.0,0
0.08780292088861849,0.0,0
0.3142336961939665,0.0,1
0.618231718478477,1.0,3
0.07503232900544393,0.0,0
0.5464795093432904,0.0,3
0.3109835791981465,1.0,1
0.28056717590758423,0.0,1
0.16704398699472164,0.0,0
0.26018758022781724,0.0,1
0.15104526942726482,1.0,0
0.10907685187802722,0.0,0
0.10060567563191984,0.0,0
0.29858521010636324,1.0,1
0.1656798877134086,0.0,0
0.16382992171249947,1.0,0
0.3638381841963703,0.0,2
0.7005157642299596,1.0,3
0.24797266366050325,0.0,1
0.3030111888529105,0.0,1
0.5259326974978755,0.0,3
0.5234862369301572,1.0,3
0.1021924941723965,0.0,0
0.2674363438272883,0.0,1
0.4874511900049482,1.0,2
0.44136082851312547,0.0,2
0.23226158929501667,0.0,1
0.46530788031746306,1.0,2
0.07361230502802686,0.0,0
0.262220536726314,0.0,1
0.6174189663619377,1.0,3
0.26709485748791,0.0,1
0.19124846869259732,0.0,0
0.7268471068046986,0.0,3
0.3701714272070383,1.0,2
0.11474248616478266,0.0,0
0.24913332424664092,0.0,1
0.3292539994542751,0.0,1
0.49079754697890215,0.0,2
0.8690251253201494,1.0,3
0.3072442213629459,1.0,1
0.2885651845948187,0.0,1
0.1653898062142385,0.0,0
0.6830534856190731,0.0,3
0.6216219530188553,1.0,3
0.3953397462353365,0.0,2
0.6089105512417995,1.0,3
0.22239892112824922,0.0,1
0.4483501004275663,1.0,2
0.17690024353370237,0.0,0
0.5811697854838153,0.0,3
0.31763855258435786,1.0,1
0.13009030495346455,0.0,0
0.542199974598932,0.0,3
0.06708518834035121,0.0,0
0.5296841466706318,0.0,3
0.34482169708022076,0.0,1
0.5822697602300272,0.0,3
0.13912531197054098,1.0,0
0.3213579235665899,0.0,1
0.24796486064226272,0.0,1
0.3590335077405927,0.0,2
0.22364416490285302,0.0,1
0.39690358209513066,1.0,2
0.20769265388453165,1.0,0
0.28524710657710617,0.0,1
0.12952406818911025,1.0,0
0.6572408933910874,0.0,3
0.07499899765014356,0.0,0
0.1572464988920019,0.0,0
0.404892359894951,1.0,2
0.5704407713992344,1.0,3
0.18607100127447837,0.0,0
0.33798540731016713,0.0,1
0.070608521149174,0.0,0
0.2746659315780537,1.0,1
0.5647563109666831,0.0,3
0.45844964037003666,0.0,2
0.14667655890958037,0.0,0
0.32120651743189416,1.0,1
0.2209098211144089,0.0,1
0.1286153187415775,0.0,0
0.166029522966307,0.0,0
0.2145472809542142,0.0,0
0.16651402547496424,0.0,0
0.27897181976878943,0.0,1
0.1947358694793021,1.0,0
0.08710750106056933,0.0,0
0.2780532286039644,0.0,1
0.5852806551080325,0.0,3
0.2877842205838107,1.0,1
0.26436980292838347,0.0,1
0.20910428751532104,0.0,0
0.19897456217867807,0.0,0
0.21830977670975588,0.0,0
0.271923018792608,0.0,1
0.3149658866846141,0.0,1
0.36244456691292937,0.0,2
0.20702054543607198,0.0,0
0.15962643847971017,0.0,0
0.20750361865952388,0.0,0
0.4441252519643056,0.0,2
0.44036455542517083,0.0,2
0.2248159834281354,0.0,1
0.11250708983647628,0.0,0
0.21658451564376396,0.0,0
0.4168229820489048,0.0,2
0.10600414004424866,0.0,0
0.16530884311990732,0.0,0
0.5085314084567897,1.0,2
0.16507725880798282,0.0,0
0.581800554913256,1.0,3
0.3285216069263009,0.0,1
0.17388419562205967,0.0,0
0.2573465865862668,0.0,1
0.25897658914567717,0.0,1
0.179917914496258,1.0,0
0.16243944626635498,0.0,0
0.08601874456357453,0.0,0
0.10152260092645425,0.0,0
0.11638770992655781,0.0,0
0.31436026534422123,0.0,1
0.3439849148157795,0.0,1
0.40059283271458934,1.0,2
0.21503710932405987,0.0,0
0.049615718087937015,0.0,0
0.338174456437739,1.0,1
0.5796875066335894,0.0,3
0.2644205764597954,1.0,1
0.40747317421295437,0.0,2
0.3814854132567576,0.0,2
0.560338508214976,0.0,3
0.36307005885235405,1.0,2
0.17573703414542652,0.0,0
0.2461363596084461,0.0,1
0.55682429883063,0.0,3
0.10700065351081904,0.0,0
0.4333449784737714,1.0,2
0.07687548135339325,0.0,0
0.22092618086522087,1.0,1
0.08330159686613199,0.0,0
0.14477691604572193,0.0,0
0.6020312207397043,0.0,3
0.34606433413609794,1.0,1
0.2475976468422317,0.0,1
0.3752572342652638,1.0,2
0.18560384331494736,0.0,0
0.13575381067214257,0.0,0
0.13533411946457466,0.0,0
0.38830577058591637,1.0,2
0.33390744293862273,1.0,1
0.6624987000376203,1.0,3
0.312431526048607,1.0,1
0.11944437849524091,0.0,0
0.2642014186031074,0.0,1
0.33240316182702384,0.0,1
0.22864955472756432,1.0,1
0.37662919807661904,1.0,2
0.045982681261614394,0.0,0
0.7234007414624595,1.0,3
0.20353900248710435,1.0,0
0.46796910894023186,1.0,2
0.04537152491157098,0.0,0
0.3763226531456416,1.0,2
0.16573719659493663,0.0,0
0.09607901912551034,0.0,0
0.38422839467339914,0.0,2
0.1881174472414317,0.0,0
0.20625249497150486,0.0,0
0.09806571322418581,0.0,0
0.4793092291270853,1.0,2
0.22279464603977936,0.0,1
0.2158822198384934,0.0,0
0.08358938173624832,0.0,0
0.38181997471449586,1.0,2
0.14171710067321283,0.0,0
0.3886663578352995,0.0,2
0.22975250365400887,0.0,1
0.43089902236240474,0.0,2
0.3591702600222782,0.0,2
0.3250316215505783,0.0,1
0.2540927166245064,1.0,1
0.06780238112432216,0.0,0
0.5662338929782512,1.0,3
0.42276929127756124,0.0,2
0.13929607580131195,0.0,0
0.14595499363154074,1.0,0
0.22498851387118365,1.0,1
0.33454466260198706,0.0,1
0.47686348742277906,0.0,2
0.30222747317873766,0.0,1
0.3071761420509805,0.0,1
0.08377541658345074,0.0,0
0.15866836258889622,0.0,0
0.6943059983821652,1.0,3
0.16067291711329942,0.0,0
0.12906970945115157,1.0,0
0.16436116702535125,0.0,0
0.25478823441471304,0.0,1
0.15551572637938782,0.0,0
0.16679303237484605,0.0,0
0.07807067044398484,0.0,0
0.02500322538536885,0.0,0
0.3569624723835553,0.0,2
0.12396207721826896,0.0,0
0.37507569086445813,1.0,2
0.2609211350168588,0.0,1
0.17777513179303805,0.0,0
0.21986373718144517,1.0,1
0.19947035951637695,1.0,0
0.3272439303459167,0.0,1
0.10311832069894851,0.0,0
0.34082238631917805,1.0,1
0.5034847123209473,0.0,2
0.5230373111722022,1.0,3
0.14134217585849448,0.0,0
0.4461071037311089,0.0,2
0.5270822796876444,0.0,3
0.30069331971961993,1.0,1
0.3085742320492277,0.0,1
0.09371779947834095,0.0,0
0.3887965381938948,0.0,2
0.04766010795229661,0.0,0
0.1950999138607749,0.0,0
0.4076728501439402,1.0,2
0.34668236883961184,0.0,1
0.4258530429169798,0.0,2
0.410707200963513,0.0,2
0.2913855702802767,1.0,1
0.28529833398188986,0.0,1
0.4186346506201288,0.0,2
0.6054982767512517,0.0,3
0.2618911873277367,1.0,1
0.17168059219577306,0.0,0
0.4247420961503925,0.0,2
0.22371487445961385,1.0,1
0.6071869367659839,1.0,3
0.2151221841183677,0.0,0
0.29701581086588885,0.0,1
0.22370365446158536,0.0,1
0.5097746392682769,0.0,2
0.16872219486441428,0.0,0
0.27084993146452946,0.0,1
0.5231794471073106,1.0,3
0.2667343770707967,0.0,1
0.31210630680310875,0.0,1
0.2331744878102052,0.0,1
0.3407273344076519,1.0,1
0.09851346218777719,0.0,0
0.148416725355582,0.0,0
0.07462703739272393,1.0,0
0.6080314654395403,0.0,3
0.29488664638959844,0.0,1
0.06152767837647276,0.0,0
0.16589937585948727,0.0,0
0.003204295498700183,0.0,0
0.04892299888420583,0.0,0
0.12288253832794299,0.0,0
0.13388967415774947,0.0,0
0.2282854812428137,0.0,1
0.3406769952314029,1.0,1
0.38465099374785844,0.0,2
0.15612345878191777,0.0,0
0.5552111913964225,1.0,3
0.14490616465590667,0.0,0
0.2416057394082495,0.0,1
0.22766932226202286,0.0,1
0.04384179982500105,0.0,0
0.5160725227268901,1.0,3
0.2870851660205362,0.0,1
0.06833758533075496,0.0,0
0.39207982577239003,1.0,2
0.08120090682813183,0.0,0
0.21282811974077437,1.0,0
0.16067337690773803,0.0,0
0.28043545599676994,0.0,1
0.15847927793144911,0.0,0
0.2796727553302273,0.0,1
0.20901764264781858,0.0,0
0.3887883520899191,0.0,2
0.1426758113352607,1.0,0
0.46129950103063405,1.0,2
0.12751920012498685,0.0,0
0.35466532924158134,0.0,2
0.43381259883559264,1.0,2
0.3434095563070507,1.0,1
0.1769528613782562,0.0,0
0.33767291785404435,0.0,1
0.18539966140785222,0.0,0
0.19018766832093342,1.0,0
0.4128553752079412,0.0,2
0.08733109559390469,0.0,0
0.3887109294969649,1.0,2
0.10559651391479417,0.0,0
0.08162679925955887,0.0,0
0.4648207299784541,0.0,2
0.28520111585045194,1.0,1
0.30713687657107536,1.0,1
0.18428369345180332,1.0,0
0.21249726896606283,0.0,0
0.24435281645373785,0.0,1
0.3276243006529995,0.0,1
0.1983893907468277,0.0,0
0.5667903594296012,0.0,3
0.3036494477283659,1.0,1
0.610585787728869,0.0,3
0.49440570056126126,1.0,2
0.710838667295925,1.0,3
0.3706421845885035,1.0,2
0.07947027903519188,0.0,0
0.2588493627545753,0.0,1
0.0624954156874305,0.0,0
0.5167189274729652,1.0,3
0.47195253563824463,1.0,2
0.24646507555767946,1.0,1
0.28856666572562406,1.0,1
0.28547216491248234,0.0,1
0.24806980759836816,1.0,1
0.36995792643979725,0.0,2
0.43442044962842163,0.0,2
0.5796352101585043,1.0,3
0.35357573741953147,0.0,2
0.4272994894610743,1.0,2
0.1621224171712814,0.0,0
0.2281981233115431,0.0,1
0.43610372303346256,0.0,2
0.278297290947708,1.0,1
0.20665655317780685,0.0,0
0.1505826624299487,0.0,0
0.14266714958501797,0.0,0
0.40508766199355195,0.0,2
0.5292050475027391,1.0,3
0.48152817488331495,0.0,2
0.17794239108546206,0.0,0
0.28131170639794134,0.0,1
0.37452835007583807,1.0,2
0.1955177054699788,0.0,0
0.3118599793457075,0.0,1
0.26335215709314336,1.0,1
0.44159160223970384,0.0,2
0.4499031869342624,1.0,2
0.4405259440048875,1.0,2
0.32460662250743794,0.0,1
0.4396004459567342,0.0,2
0.18641645490466205,1.0,0
0.38025239153951007,0.0,2
0.2809215923149776,1.0,1
0.6344532677968754,1.0,3
0.18075673019994443,0.0,0
0.06494143827698452,0.0,0
0.1750695120611118,0.0,0
0.14730774522387277,0.0,0
0.046904974607541026,0.0,0
0.23211835388125326,1.0,1
0.13542075489226357,0.0,0
0.2382830897531386,0.0,1
0.4747149902875101,1.0,2
0.5013326980804912,0.0,2
0.5391218196931334,0.0,3
0.19739713095875644,0.0,0
0.43868974378133285,0.0,2
0.24699788355935742,0.0,1
0.2393335508087805,0.0,1
0.24206774995012212,0.0,1
0.6519444833754302,1.0,3
0.11301373389950176,0.0,0
0.20840140574227997,0.0,0
0.237862621943358,0.0,1
0.09137684626945886,0.0,0
0.11804924017103106,0.0,0
0.4810779426950793,1.0,2
0.3091678179436684,0.0,1
0.3058202333453075,0.0,1
0.44827348349689705,1.0,2
0.10530117182968667,0.0,0
0.17691463226233448,0.0,0
0.24740488451063888,1.0,1
0.2684912064155183,0.0,1
0.3987501243060163,1.0,2
0.5185760345787106,0.0,3
0.4484786565388382,0.0,2
0.4227029890500673,0.0,2
0.3198400960441627,0.0,1
0.3940395010922532,0.0,2
0.2734490267575881,0.0,1
0.13908742037405072,0.0,0
0.20555336316897768,0.0,0
0.5786057354714983,0.0,3
0.22603615116932432,1.0,1
0.2939003820300573,0.0,1
0.5174735747697262,0.0,3
0.07492644142568941,0.0,0
0.32748767952895014,0.0,1
0.288147657372056,1.0,1
0.23962714571022584,0.0,1
0.18776113655837592,0.0,0
0.2738912633128316,0.0,1
0.5007552886288705,0.0,2
0.37020466587384,1.0,2
0.14189202839315282,0.0,0
0.1820091998656445,0.0,0
0.15061973724310504,0.0,0
0.18193800492228218,0.0,0
0.017011583960449442,0.0,0
0.35655370063580355,1.0,2
0.10029096785995172,0.0,0
0.14339271107952262,1.0,0
0.13472918908050052,1.0,0
0.11179350805842049,0.0,0
0.4837271457941737,0.0,2
0.1706470926939902,0.0,0
0.22236109219601374,0.0,1
0.4685959810068516,0.0,2
0.07637687292529041,0.0,0
0.39671658638085383,0.0,2
0.14127303605800223,0.0,0
0.42648430903452805,0.0,2
0.35179554005103886,1.0,2
0.3428192838987766,0.0,1
0.29215946130975423,1.0,1
0.28103049782735606,0.0,1
0.39708853654579007,1.0,2
0.47395250301420916,0.0,2
0.3188494327709916,1.0,1
0.642507519246738,1.0,3
0.10340814283597473,0.0,0
0.4481214705981882,1.0,2
0.09194672024487942,0.0,0
0.06383224555702148,0.0,0
0.28810611493078736,0.0,1
0.18701239672605252,0.0,0
0.5532569555735956,1.0,3
0.4752659296060973,1.0,2
0.5175879058707136,0.0,3
0.0737873135937592,0.0,0
0.4696747558021781,1.0,2
0.19107507016650319,0.0,0
0.25921800778863596,0.0,1
0.17835930720133383,0.0,0
0.3601039217356112,0.0,2
0.21464482142240596,0.0,0
0.2868269366461739,1.0,1
0.2093288703122507,0.0,0
0.18444112038024918,1.0,0
0.34726030927170326,0.0,1
0.12102754021562068,0.0,0
0.20612795287189276,0.0,0
0.3062228925888002,0.0,1
0.06787756887944017,0.0,0
0.4817960353653265,0.0,2
0.17086683932162078,0.0,0
0.17912677493898232,1.0,0
0.4430633850029878,0.0,2
0.26470102844556165,0.0,1
0.19367063422428507,0.0,0
0.09685689266236558,0.0,0
0.42628277229484995,0.0,2
0.32692257297847593,1.0,1
0.13375759308758414,0.0,0
0.20797247150346845,0.0,0
0.1697779699675066,0.0,0
0.11216927365610131,0.0,0
0.38294650842182615,1.0,2
0.41471861995831183,0.0,2
0.4249666360664464,0.0,2
0.21375889300269668,0.0,0
0.12384216462876606,0.0,0
0.21192369608652753,1.0,0
0.305190958895123,0.0,1
0.4897228423424928,1.0,2
0.5748227194688885,1.0,3
0.5617015879029237,1.0,3
0.10690131600239623,0.0,0
0.029647964862204904,0.0,0
0.2264243759773492,0.0,1
0.1087777346992599,0.0,0
0.09830479889293545,0.0,0
0.4495699845804033,1.0,2
0.22260772868199413,0.0,1
0.24312012102440897,0.0,1
0.16812525480692514,1.0,0
0.05229366185422357,0.0,0
0.20648313170935217,0.0,0
0.3719305762882159,0.0,2
0.26179357672992526,0.0,1
0.48572541616418113,0.0,2
0.21812220465296867,0.0,0
0.20770668286989227,1.0,0
0.22990500051995075,1.0,1
0.17709841984143068,1.0,0
0.2656029045204081,1.0,1
0.20442425953378662,0.0,0
0.150975832034806,0.0,0
0.37317101231219973,1.0,2
0.12597253624067198,0.0,0
0.055196877307816014,0.0,0
0.1755388056556626,0.0,0
0.3313848608914103,1.0,1
0.3074018645214497,0.0,1
0.14310963259124915,0.0,0
0.1870785618363261,0.0,0
0.4062842907871757,1.0,2
0.28403570361855773,0.0,1
0.039647926770398335,0.0,0
0.3862697320371808,0.0,2
0.24581765704290476,0.0,1
0.2735089885747763,0.0,1
0.297186674496147,0.0,1
0.2023423472860757,0.0,0
0.1396730179731192,1.0,0
0.06797809329097834,0.0,0
0.36706404425688116,1.0,2
0.25535676070201396,0.0,1
0.37296626694160473,1.0,2
0.09337301670694628,0.0,0
0.3461698531886842,0.0,1
0.35066116716417123,1.0,2
0.08701847420715579,0.0,0
0.21060682494594982,0.0,0
0.13933711230891208,0.0,0
0.129812260132734,0.0,0
0.45303188932943383,0.0,2
0.39801104725396,0.0,2
0.08652432235479429,0.0,0
0.31914319167097827,0.0,1
0.23240771631376986,0.0,1
0.6701227753414969,1.0,3
0.1539607616438409,1.0,0
0.7603513013296517,1.0,3
0.2175696263654519,1.0,0
0.10552353582200141,1.0,0
0.637243769834997,1.0,3
0.17952924125061195,0.0,0
0.11678639151567129,0.0,0
0.15568975020506898,1.0,0
0.4379580473203461,1.0,2
0.39384813803176905,0.0,2
0.43851959087008474,0.0,2
0.27707957913080616,0.0,1
0.3561425543262317,0.0,2
0.22560747420071167,0.0,1
0.09316590776075898,0.0,0
0.16938180253518154,0.0,0
0.5028531992226615,0.0,2
0.2148680062004603,0.0,0
0.4772175448001965,0.0,2
0.3106186647948948,0.0,1
0.23568641712206082,0.0,1
0.15320882684988332,0.0,0
0.22821794743989907,1.0,1
0.11397753430015532,1.0,0
0.4965621625063533,1.0,2
0.19861210229163342,0.0,0
0.15768125685388865,0.0,0
0.5039694162006585,0.0,2
0.34981321697026524,1.0,1
0.10894187108119312,0.0,0
0.26660223774352176,1.0,1
0.045402238512382974,0.0,0
0.3579423355688155,1.0,2
0.24952842178407927,0.0,1
0.7532840193923047,1.0,3
0.29660751647566846,0.0,1
0.342515218635179,0.0,1
0.21404392444275305,0.0,0
0.38035757851094876,1.0,2
0.2693095393053514,1.0,1
0.47462755186804295,0.0,2
0.34235627280339614,0.0,1
0.3069129762500817,0.0,1
0.2283265791728101,0.0,1
0.08695677384012973,0.0,0
0.45569507095520917,1.0,2
0.2629208601099233,0.0,1
0.3395499410141342,0.0,1
0.029773824737242514,0.0,0
0.3706123215301525,0.0,2
0.3772480848197066,0.0,2
0.3935818293116175,1.0,2
0.10696866049964081,0.0,0
0.15426310752822975,0.0,0
0.32014592794108687,0.0,1
0.531371078289397,0.0,3
0.040820863839458446,0.0,0
0.13754584143121878,0.0,0
0.19006157316769123,0.0,0
0.41709571577894333,1.0,2
0.3457142912049707,0.0,1
0.3200873639331682,0.0,1
0.41460450521215675,0.0,2
0.4224785623200839,0.0,2
0.1344646335218327,0.0,0
0.23101613104237637,0.0,1
0.45487194995736013,1.0,2
0.3161576050622559,0.0,1
0.2768779468241604,0.0,1
0.47722938026405015,1.0,2
0.23355357937554275,0.0,1
0.18894422811812878,0.0,0
0.19925328290923852,0.0,0
0.024005622118971878,0.0,0
0.3601818722135796,1.0,2
0.18351069637705042,0.0,0
0.06290277519791956,0.0,0
0.2813624624431561,0.0,1
0.18605621609368175,0.0,0
0.20399037515616963,0.0,0
0.07877791696364266,0.0,0
0.3730707192375133,0.0,2
0.05337699912111322,0.0,0
0.6062742503535388,1.0,3
0.16062165835216716,1.0,0
0.5708257690047875,0.0,3
0.20852618977451456,0.0,0
0.2952928097473531,0.0,1
0.05136755559888836,0.0,0
0.5902394120511967,1.0,3
0.07117336720950218,0.0,0
0.358789908202684,0.0,2
0.554692664106766,1.0,3
0.2847827522572285,0.0,1
0.5047800140335544,1.0,2
0.6193181627717341,0.0,3
0.4985642360916602,0.0,2
0.5101166587779683,1.0,3
0.27208954529847834,0.0,1
0.1288205691121528,0.0,0
0.15994624893121162,0.0,0
0.20312196084884196,0.0,0
0.39159850516935885,1.0,2
0.23354836435353765,0.0,1
0.24889338696554,0.0,1
0.08102554462329895,0.0,0
0.19300424795051627,1.0,0
0.24447100417863027,0.0,1
0.2172741522748133,0.0,0
0.23399543626530633,0.0,1
0.08227258405413694,0.0,0
0.42502514327759494,0.0,2
0.17342942342546905,0.0,0
0.24905782943879895,0.0,1
0.12069434052326705,1.0,0
0.0682126280231548,0.0,0
0.2439290172588209,0.0,1
0.5692672120069696,1.0,3
0.18366234559341382,0.0,0
0.30790973221102774,0.0,1
0.35786141293589413,1.0,2
0.44723646329979444,0.0,2
0.44213915312717766,0.0,2
0.535141034950777,0.0,3
0.23765513349467415,0.0,1
0.4643286588850277,1.0,2
0.34304867630180397,0.0,1
0.31321958874086525,0.0,1
0.355964076493986,0.0,2
0.20846366675493694,0.0,0
0.45661364623431083,1.0,2
0.24269553822099305,0.0,1
0.31405959185335275,0.0,1
0.3839411320077486,0.0,2
0.14738256509013847,0.0,0
0.25520034647331236,1.0,1
0.0973593811685929,0.0,0
0.5418250425534661,1.0,3
0.05222441929637891,0.0,0
0.11869212073692177,0.0,0
0.2474148317556171,0.0,1
0.4441504479231674,1.0,2
0.1788230647123886,0.0,0
0.22373295718223649,1.0,1
0.07799583821456416,0.0,0
0.18434997121137928,0.0,0
0.28798244011837665,0.0,1
0.5108206249725064,0.0,3
0.12474707343966161,0.0,0
0.7876029277336472,1.0,3
0.31317016565484224,0.0,1
0.18315161931258842,1.0,0
0.39215861405519015,1.0,2
0.28266477422400477,0.0,1
0.3610487980406091,1.0,2
0.3511259561778217,1.0,2
0.5357228341883533,0.0,3
0.2807790456657309,0.0,1
0.3473225910281016,0.0,1
0.13467822070174015,0.0,0
0.28812211638301166,0.0,1
0.2759661821143551,1.0,1
0.5278436089815225,0.0,3
0.19136371740297994,0.0,0
0.22235574810255368,0.0,1
0.31061028903826754,0.0,1
0.40953834223521773,0.0,2
0.32627390099025894,0.0,1
0.4426550695927855,0.0,2
0.132694499953108,0.0,0
0.366761920104104,0.0,2
0.3750596925963263,0.0,2
0.6719245552671524,1.0,3
0.13123525154273827,0.0,0
0.46799572295595,1.0,2
0.3383275601791803,0.0,1
0.12678971222277036,1.0,0
0.39977724052740715,0.0,2
0.33405650214035976,0.0,1
0.39824918971516243,1.0,2
0.6676105032804831,0.0,3
0.26924764275919133,1.0,1
0.05479330636140289,0.0,0
0.14164959469244814,0.0,0
0.27846412803850706,0.0,1
0.5360052600284753,1.0,3
0.4509230832840036,0.0,2
0.48826026279854456,0.0,2
0.3849624777693213,1.0,2
0.3647162988223242,1.0,2
0.17855803708006188,0.0,0
0.3951684360183281,0.0,2
0.42280983107394043,1.0,2
0.7110159018805543,1.0,3
0.3988038872466787,0.0,2
0.4212137669194352,0.0,2
0.24840616569745233,1.0,1
0.18049671681112342,0.0,0
0.26502499288224535,0.0,1
0.5895985944618656,1.0,3
0.5421443800623527,0.0,3
0.3701572339596318,1.0,2
0.39420657392321407,1.0,2
0.613183823477487,1.0,3
0.4559435200313395,1.0,2
0.12602454111917746,0.0,0
0.14465085994315224,0.0,0
0.45286016555610653,0.0,2
0.03918424343792381,0.0,0
0.2641683422684906,1.0,1
0.4787066795494791,0.0,2
0.10294905743202393,0.0,0
0.5993909346433688,1.0,3
0.30926324804438854,1.0,1
0.26946795911731547,1.0,1
0.2882523011797573,1.0,1
0.014139416692398678,0.0,0
0.26739751139666507,0.0,1
0.19887373352997456,0.0,0
0.0880604469176771,0.0,0
0.09299778376730554,0.0,0
0.41506906011286177,1.0,2
0.35590712154780313,0.0,2
0.34360441582973994,0.0,1
0.19042135599485072,0.0,0
0.7072224907954958,1.0,3
0.33074145297216867,0.0,1
0.15907819968920306,1.0,0
0.16516715774908824,1.0,0
0.42523731012057486,1.0,2
0.14412310678783335,0.0,0
0.374175646939592,1.0,2
0.0893181105072916,1.0,0
0.1466046450962154,0.0,0
0.25217130834708756,1.0,1
0.09456120312420882,0.0,0
0.08702799202154551,0.0,0
0.24724888536154285,1.0,1
0.06470067961077487,0.0,0
0.06538443999321565,0.0,0
0.12414864053065708,0.0,0
0.17985958114635503,1.0,0
0.38454967471825524,0.0,2
0.18735810133691644,0.0,0
0.42620456337788376,0.0,2
0.3878754932526378,0.0,2
0.6474794945824422,1.0,3
0.20930471616077317,0.0,0
0.4548408449335639,1.0,2
0.2615278630876031,1.0,1
0.29869869251534326,1.0,1
0.21535690285726022,1.0,0
0.38517758069769026,0.0,2
0.12412937449921119,0.0,0
0.5587734809771646,0.0,3
0.08837926262368709,0.0,0
0.4377198743680139,0.0,2
0.3721206927824349,0.0,2
0.14918575756743035,0.0,0
0.16084280530873188,0.0,0
0.0777134001381042,0.0,0
0.3159962301496087,1.0,1
0.5820690520987112,1.0,3
0.5159960665962334,0.0,3
0.24849707824234693,0.0,1
0.018899351423928613,0.0,0
0.44695952112130904,1.0,2
0.2531874945161931,0.0,1
0.059263631226726864,0.0,0
0.3304360031580364,0.0,1
0.17136826985561926,0.0,0
0.5922835564367289,0.0,3
0.33674215313120975,0.0,1
0.29925005242364944,1.0,1
0.41975186668471187,1.0,2
0.40196940721424546,1.0,2
0.20558645574954562,0.0,0
0.42250984844470857,1.0,2
0.06458731173351956,1.0,0
0.11366976173928739,0.0,0
0.2304118459138389,1.0,1
0.10870162008389953,0.0,0
0.20586002451953211,0.0,0
0.1726155098600001,1.0,0
0.11427439189440186,0.0,0
0.5381408309792023,1.0,3
0.1333001584979511,0.0,0
0.480759024122377,0.0,2
0.24584400083418806,0.0,1
0.532587998185202,1.0,3
0.04581430576242331,0.0,0
0.2274138391835171,0.0,1
0.17931756497048248,0.0,0
0.4643791108514882,1.0,2
0.2009021776520256,1.0,0
0.330579014890634,0.0,1
0.3863101460805466,1.0,2
0.19996853146885235,0.0,0
0.30088915041250835,0.0,1
0.5824259369736744,1.0,3
0.24034146682722582,0.0,1
0.3469129314961011,0.0,1
0.2164101175609346,0.0,0
0.6539759955056379,1.0,3
0.49101497827981266,1.0,2
0.3298558988790328,0.0,1
0.10473526183093483,0.0,0
0.31529963955724083,0.0,1
0.5331069234542852,1.0,3
0.26614626955992,1.0,1
0.15742214718399763,0.0,0
0.7891371533194145,0.0,3
0.2975834434178762,0.0,1
0.14631897008573685,0.0,0
0.15318549268038345,0.0,0
0.14633687956497735,0.0,0
0.23484901420333523,0.0,1
0.4438457784284803,1.0,2
0.1639351078965244,0.0,0
0.4100641583779666,0.0,2
0.2975964268962234,0.0,1
0.4341918837365462,0.0,2
0.3929868018516809,0.0,2
0.1371219074251868,0.0,0
0.03900641323153339,0.0,0
0.6452608380096598,1.0,3
0.38006257633026563,0.0,2
0.5102231288278748,1.0,3
0.5661662593845423,0.0,3
0.18781391100339484,0.0,0
0.32342142319428435,1.0,1
0.1044037958213456,0.0,0
0.5650086053037442,1.0,3
0.3574466241072961,0.0,2
0.0694149216885918,0.0,0
0.2917519246631763,1.0,1
0.4553192221475039,0.0,2
0.048437956440516794,0.0,0
0.6855530210224721,1.0,3
0.26752306545130056,0.0,1
0.18322712985428707,0.0,0
0.20216154272594047,0.0,0
0.20081751296739855,0.0,0
0.09578549220749746,0.0,0
0.38598948702253616,1.0,2
0.14962376346716308,0.0,0
0.08131519208895649,0.0,0
0.1440444074315195,0.0,0
0.2970222167541517,1.0,1
0.3274887304910962,0.0,1
0.2122480634900405,0.0,0
0.297012015369249,1.0,1
0.24218640234229444,0.0,1
0.40041968134042366,1.0,2
0.23765923802290456,0.0,1
0.3958525644751569,0.0,2
0.28343208569204786,0.0,1
0.22391004589816774,0.0,1
0.2983224774198827,0.0,1
0.08041229548845295,0.0,0
0.2295483381266289,0.0,1
0.4599028615307948,0.0,2
0.26936209426855684,0.0,1
0.1485798064588097,0.0,0
0.21702198636770234,0.0,0
0.331193108760479,0.0,1
0.22911448067117848,0.0,1
0.34939427780026316,1.0,1
0.21867364318750476,0.0,0
0.06682997818363183,0.0,0
0.4391276452023888,0.0,2
0.24038204609879127,0.0,1
0.42319296632340003,0.0,2
0.5335161756033969,0.0,3
0.20784001451296202,0.0,0
0.17547409792565058,0.0,0
0.12072203050864341,0.0,0
0.22008306775648243,0.0,1
0.3532888939086609,1.0,2
0.1762982971901289,0.0,0
0.4990198531793185,1.0,2
0.4043720325156935,1.0,2
0.35959278880534173,1.0,2
0.3366862358874475,0.0,1
0.06944656600587128,0.0,0
0.06319216352822912,0.0,0
0.16278174835153994,0.0,0
0.6402406599236623,0.0,3
0.5353950302022346,1.0,3
0.4349887324144235,1.0,2
0.2376819807478529,0.0,1
0.28752401862780996,0.0,1
0.23289517337738957,1.0,1
0.20107955178233974,0.0,0
0.3786682057293928,1.0,2
0.15640487199009706,1.0,0
0.08654490245870014,0.0,0
0.19835973436864332,1.0,0
0.3383858913919639,1.0,1
0.4517675502259191,0.0,2
0.45106441118054263,1.0,2
0.05920388928344414,0.0,0
0.2822032092422682,0.0,1
0.15922953336600382,0.0,0
0.3120462101330223,1.0,1
0.5806709461300766,0.0,3
0.5274111605393021,1.0,3
0.09540777615985005,0.0,0
0.15197359072814068,0.0,0
0.4386753561847506,0.0,2
0.235400685950239,0.0,1
0.05958578225221049,0.0,0
0.30379106291967584,1.0,1
0.3553897047315742,0.0,2
0.13841639341773362,0.0,0
0.5482421110689258,1.0,3
0.40316510184319143,0.0,2
0.10949233601562687,0.0,0
0.2603579608250871,0.0,1
0.1309731647172969,0.0,0
0.30490420551474706,1.0,1
0.07719946031430755,0.0,0
0.11336881687572986,0.0,0
0.1993783970061032,1.0,0
0.1806926863994374,0.0,0
0.12673894722746398,1.0,0
0.219862553615437,0.0,1
0.37445197830443894,1.0,2
0.3960191036102473,0.0,2
0.1929481023147333,1.0,0
0.32286424683046944,1.0,1
0.46899375934398524,0.0,2
0.2013983425559908,0.0,0
0.3743483327486457,0.0,2
0.1993936114131268,0.0,0
0.44720074784502245,0.0,2
0.11555248909577377,1.0,0
0.29552388331565865,0.0,1
0.12047497228812448,0.0,0
0.35611529733888064,0.0,2
0.31719543067876954,0.0,1
0.11826901688181152,0.0,0
0.34452259748115827,0.0,1
0.4217988344164128,0.0,2
0.5507330782444819,1.0,3
0.19599154235893432,0.0,0
0.19193864368042457,0.0,0
0.3775071454772678,0.0,2
0.2920566050468259,0.0,1
0.4507952874759242,0.0,2
0.28840421703095204,0.0,1
0.10372848845254647,0.0,0
0.35906949708661534,0.0,2
0.5018586385916914,1.0,2
0.362497031605679,1.0,2
0.25526083027845864,0.0,1
0.599961750326323,1.0,3
0.6521978965210705,1.0,3
0.056127988202277324,0.0,0
0.3489843257118779,0.0,1
0.11893951643456162,0.0,0
0.46344717721931333,1.0,2
0.08850780522622363,1.0,0
0.1813589816751399,1.0,0
0.4711558789966718,1.0,2
0.1439049345625786,0.0,0
0.32777265530057276,1.0,1
0.07261765665553878,0.0,0
0.33902208731071726,0.0,1
0.18215158535952805,0.0,0
0.3490041011397729,1.0,1
0.1897067790088531,0.0,0
0.29419734773278966,0.0,1
0.25248580801698167,0.0,1
0.37575227913498965,1.0,2
0.13436263791484318,0.0,0
0.2815339100041953,0.0,1
0.08955679392400742,0.0,0
0.02417651420524364,0.0,0
0.36899073367214874,0.0,2
0.21598278779483887,0.0,0
0.3813111731851283,0.0,2
0.35242583584285925,1.0,2
0.27490311670582235,0.0,1
0.5049954845989982,0.0,2
0.29491141475785965,0.0,1
0.4520426308622248,1.0,2
0.28459757596870544,0.0,1
0.17005892858774307,0.0,0
0.3013711689827362,0.0,1
0.45664403722958796,1.0,2
0.15680436149586913,1.0,0
0.6544404023890258,1.0,3
0.16536097997097987,0.0,0
0.3596103918747469,0.0,2
0.017027211370308916,0.0,0
0.5271575390632285,1.0,3
0.1322748344855491,0.0,0
0.09783225576659647,0.0,0
0.21698577332727814,0.0,0
0.1382745987883351,0.0,0
0.3188867871315067,0.0,1
0.3380064426918234,0.0,1
0.3705104008532277,1.0,2
0.2786777701711775,0.0,1
0.11416172494793138,0.0,0
0.028756963945401264,0.0,0
0.15825763927162506,0.0,0
0.3236488732026138,0.0,1
0.4313647483331201,0.0,2
0.1912723139811174,0.0,0
0.1035235411604896,0.0,0
0.21612928363186537,1.0,0
0.08181221352275173,0.0,0
0.3693031710915548,1.0,2
0.01750003934969867,0.0,0
0.1901389998425301,0.0,0
0.43853572454051015,0.0,2
0.1823010476594217,0.0,0
0.09145546597638919,0.0,0
0.4176201578780662,1.0,2
0.19933683173179398,0.0,0
0.0632315801582031,0.0,0
0.05644450507021917,0.0,0
0.252989187561821,0.0,1
0.14646815829802842,0.0,0
0.6480932732621237,1.0,3
0.3597529192885849,1.0,2
0.40244159511991096,0.0,2
0.3869048769081197,0.0,2
0.10128011028372343,0.0,0
0.4601982306327874,1.0,2
0.05328240529958696,0.0,0
0.020736813715888605,0.0,0
0.41284573954268533,0.0,2
0.2675235993510106,1.0,1
0.6799199825781641,1.0,3
0.611377593745452,0.0,3
0.8206866337863109,1.0,3
0.19835824107677708,0.0,0
0.4008970213237904,1.0,2
0.1944301411386638,0.0,0
0.6171696997642623,1.0,3
0.23824082700527494,0.0,1
0.3195069979165153,0.0,1
0.3840383450549845,0.0,2
0.17221169906629005,0.0,0
0.45102453394279807,0.0,2
0.34721709655873817,0.0,1
0.2875663563424246,0.0,1
0.06475078082463022,0.0,0
0.33045434413658786,0.0,1
0.20669345896293853,0.0,0
0.3367688418057095,0.0,1
0.42221996688560215,0.0,2
0.20397200891394485,0.0,0
0.16414509267100663,1.0,0
0.30520646359283754,1.0,1
0.3554554105908945,1.0,2
0.23384024397289618,0.0,1
0.4800758767537517,0.0,2
0.2617233643869412,0.0,1
0.18262796857800367,0.0,0
0.10313204641368441,1.0,0
0.31034849299626743,0.0,1
0.39294431286414266,1.0,2
0.44315741369232164,1.0,2
0.18833833695605318,0.0,0
0.2922579922449336,1.0,1
0.13403242235841367,0.0,0
0.24693281577993856,0.0,1
0.5322380286952321,0.0,3
0.07433925784503749,0.0,0
0.34498236242615055,1.0,1
0.2864342815115961,1.0,1
0.14522346976296688,1.0,0
0.20460365040293,1.0,0
0.09357736953669571,0.0,0
0.11686124362420273,0.0,0
0.18671660892668016,0.0,0
0.4889639516867888,0.0,2
0.15329148599890266,0.0,0
0.5042740629456846,0.0,2
0.1442575585535082,0.0,0
0.5410633181833582,0.0,3
0.10719943052811028,0.0,0
0.3830138065862118,1.0,2
0.1364587366427755,0.0,0
0.23275385279789626,0.0,1
0.39265513303052957,0.0,2
0.06523196560934502,0.0,0
0.11327042929535763,0.0,0
0.2342938089916142,1.0,1
0.5461348072464498,1.0,3
0.3313378673922737,0.0,1
0.33084328595575924,0.0,1
0.35139329794873736,1.0,2
0.1740897897554094,0.0,0
0.4553783390969017,1.0,2
0.46445948366890294,1.0,2
0.2972089973977673,1.0,1
0.03956103693509238,0.0,0
0.3060593361249722,0.0,1
0.3348694429500738,0.0,1
0.5028347761333536,0.0,2
0.12722937366467157,0.0,0
0.4943307867280992,0.0,2
0.20736707793913534,0.0,0
0.36161183858523605,0.0,2
0.6453313864678166,1.0,3
0.12698211771729057,0.0,0
0.13456021853836517,0.0,0
0.30010232355790706,1.0,1
0.1578128505668541,0.0,0
0.2918779006748001,1.0,1
0.2682633376760886,0.0,1
0.11676438908469328,0.0,0
0.6257339146264874,1.0,3
0.4078507493893997,1.0,2
0.22332503965466488,0.0,1
0.08589946578303495,0.0,0
0.24999681529583836,0.0,1
0.2642713175068972,0.0,1
0.1979819047893198,0.0,0
0.21884616128110285,0.0,0
0.2598581215287396,0.0,1
0.12509001252569435,0.0,0
0.5687866155793595,0.0,3
0.21909859768012604,1.0,1
0.2245239883226205,0.0,1
0.2040221808121394,0.0,0
0.21781311743167875,0.0,0
0.5336389345746119,1.0,3
0.3837727032235154,0.0,2
0.3607409529317179,0.0,2
0.32514614251861934,1.0,1
0.2965535720592491,0.0,1
0.08005718686753048,0.0,0
0.3055741087711134,0.0,1
0.4919575204020148,1.0,2
0.1275389211732445,1.0,0
0.21756383361569637,0.0,0
0.2322948573939025,0.0,1
0.4827296279101834,0.0,2
0.27563625166664923,0.0,1
0.2732098775216136,0.0,1
0.3843512452300087,0.0,2
0.3838238220857451,0.0,2
0.13368532781169726,1.0,0
0.12913272062081577,0.0,0
0.3805834535074512,0.0,2
0.2703979481347958,0.0,1
0.05365281946785164,0.0,0
0.1305072228719418,1.0,0
0.19914365694990666,0.0,0
0.26203013909462736,0.0,1
0.4930023654451287,0.0,2
0.23831724603337806,1.0,1
0.3131319402139275,1.0,1
0.4144841086714923,0.0,2
0.29029960349525064,0.0,1
0.023412814628216476,0.0,0
0.5435484205305543,1.0,3
0.22531835782664916,0.0,1
0.24553915391609027,0.0,1
0.24088726325096185,0.0,1
0.12356290663294693,0.0,0
0.31693653154459017,0.0,1
0.2275273880639839,1.0,1
0.31987663304948494,0.0,1
0.3475462391562748,0.0,1
0.43451201058365496,1.0,2
0.5602729770165776,0.0,3
0.16282317332343918,0.0,0
0.24560099242047898,0.0,1
0.187933657265782,0.0,0
0.4309031186989903,0.0,2
0.24848508235123917,0.0,1
0.05402557395597808,0.0,0
0.20421601875427406,0.0,0
0.10132385198385237,0.0,0
0.25937632864060495,1.0,1
0.3789450694208695,1.0,2
0.24684944143374557,1.0,1
0.3442337048910574,1.0,1
0.11596289278375346,0.0,0
0.173205221534514,0.0,0
0.30961220812157364,0.0,1
0.237629404803625,0.0,1
0.32278524020639837,0.0,1
0.33620910837477935,0.0,1
0.4270974060729,0.0,2
0.12668627078828576,0.0,0
0.2229411960878975,0.0,1
0.4398715835601581,1.0,2
0.5476057167164706,0.0,3
0.07756174350791846,1.0,0
0.5813335708252113,1.0,3
0.6092686207646568,0.0,3
0.1791498852817037,0.0,0
0.03871795303254832,0.0,0
0.4453951155409466,0.0,2
0.18133624660734787,0.0,0
0.38580567765129603,1.0,2
0.4915319220027583,1.0,2
0.21095085560135451,1.0,0
0.1568352740871524,0.0,0
0.1116950252799789,0.0,0
0.36067181131297515,1.0,2
0.31976723074603,0.0,1
0.14611059994644296,0.0,0
0.4621832372636565,1.0,2
0.42903488694772557,0.0,2
0.09690186270464621,0.0,0
0.2519672413937173,1.0,1
0.37456435118631254,0.0,2
0.18833899870528326,0.0,0
0.10394016312819233,0.0,0
0.26654717325871863,1.0,1
0.13616153586749813,0.0,0
0.36206770388751586,0.0,2
0.3249862879125671,0.0,1
0.18217718589302725,0.0,0
0.2527124322971251,0.0,1
0.42056449039665494,0.0,2
0.5213134792013168,0.0,3
0.26603721595213375,0.0,1
0.35561871634411113,0.0,2
0.2732929871086189,0.0,1
0.018100210584647513,0.0,0
0.226791268835542,0.0,1
0.27063600194127485,1.0,1
0.3637126528627287,0.0,2
0.267632065661695,0.0,1
0.4519198521206041,0.0,2
0.23091002569204816,0.0,1
0.27026055020718354,0.0,1
0.6390998564512127,1.0,3
0.3575297612592953,0.0,2
0.14170974758348687,0.0,0
0.04504814518660162,0.0,0
0.29108066666636906,1.0,1
0.15486260982591848,0.0,0
0.5529190957477955,0.0,3
0.37803881209271906,0.0,2
0.15164524684122724,1.0,0
0.3708102585691543,0.0,2
0.23405923956031846,0.0,1
0.20698431553671057,0.0,0
0.3631476787260294,1.0,2
0.3006378545848137,0.0,1
0.23621261631284574,0.0,1
0.17281193476568443,1.0,0
0.20868221038730564,0.0,0
0.17807150400613622,0.0,0
0.500555983652393,1.0,2
0.41660989609923316,0.0,2
0.4558509993195133,0.0,2
0.4952775073310845,1.0,2
0.5633141191761452,1.0,3
0.3010690302372872,0.0,1
0.2510790455288573,1.0,1
0.16880141242242716,0.0,0
0.1932277507530192,0.0,0
0.4350837881586067,0.0,2
0.12126557309181177,0.0,0
0.14375208349513596,0.0,0
0.42811308287859473,0.0,2
0.19969775743303944,0.0,0
0.2320681732789556,1.0,1
0.3445983237683644,0.0,1
0.5511030873188415,0.0,3
0.22285544003073476,0.0,1
0.24364999621422523,0.0,1
0.16859744088611747,0.0,0
0.12893162088909577,0.0,0
0.13549685280826484,1.0,0
0.28507971017832523,0.0,1
0.3634028439431362,0.0,2
0.1785860335892636,0.0,0
0.03045687167731353,0.0,0
0.48616276162453276,0.0,2
0.11797360094445342,0.0,0
0.24597772707243415,0.0,1
0.07590566169731539,0.0,0
0.5643913154540897,0.0,3
0.11355979184629636,0.0,0
0.3878683033534928,0.0,2
0.273151990913728,1.0,1
0.20057067312666804,0.0,0
0.4372135270998537,1.0,2
0.5693378086863742,1.0,3
0.473626682162907,0.0,2
0.1320463682503132,0.0,0
0.40514019430681486,0.0,2
0.501273260511238,1.0,2
0.2745341888348109,1.0,1
0.17771880200018442,0.0,0
0.14000685112401184,0.0,0
0.38490399904820516,0.0,2
0.40260860927460174,0.0,2
0.09183942348031009,0.0,0
0.28626855725879885,0.0,1
0.21719272000642992,0.0,0
0.14666873199574582,0.0,0
0.22059016729132266,1.0,1
0.360306135297941,1.0,2
0.029937843713784665,0.0,0
0.3830820385124586,1.0,2
0.12150860473708723,0.0,0
0.6794719235023953,1.0,3
0.34898129353280605,0.0,1
0.08244875835988211,0.0,0
0.20692430514712437,0.0,0
0.05356092130049599,0.0,0
0.2055624464919746,0.0,0
0.20898920895738163,0.0,0
0.17513327036585566,0.0,0
0.6340051940287952,0.0,3
0.25453506305894186,0.0,1
0.22447638464402744,0.0,1
0.21047026407140418,0.0,0
0.210548925653831,0.0,0
0.17048548211702894,0.0,0
0.1023851089014981,0.0,0
0.5618361792817333,1.0,3
0.467284100588687,0.0,2
0.3771321038779084,0.0,2
0.26240789779448487,0.0,1
0.300212822154402,0.0,1
0.4514331908743301,1.0,2
0.2725882840622499,0.0,1
0.2745189330442086,0.0,1
0.12014478464273107,0.0,0
0.2216083891902389,1.0,1
0.5221089256106222,1.0,3
0.06962151548444959,0.0,0
0.15016265157020614,0.0,0
0.6742526337531825,1.0,3
0.07175637268314712,0.0,0
0.2500613698532178,0.0,1
0.19082687907286333,0.0,0
0.32196093524966407,0.0,1
0.36970405840727005,0.0,2
0.1264020449905716,0.0,0
0.258394295113819,0.0,1
0.1335269927552197,0.0,0
0.09555983497853966,0.0,0
0.21012979050433356,0.0,0
0.21153465135848057,0.0,0
0.15999098769529518,0.0,0
0.2833876638527696,0.0,1
0.23275256113503034,0.0,1
0.25515491702994925,0.0,1
0.3078801564974581,1.0,1
0.5339529793181956,0.0,3
0.04548866974907572,0.0,0
0.26608192198125796,1.0,1
0.20188317748831006,0.0,0
0.13846890815801785,0.0,0
0.34521813764512443,0.0,1
0.21280334873460988,0.0,0
0.07880284801347805,0.0,0
0.5576963600815952,0.0,3
0.04178963515109288,0.0,0
0.11969452702613331,0.0,0
0.1734451584941473,1.0,0
0.3401309406384508,1.0,1
0.2991719161489895,1.0,1
0.22324269283304113,0.0,1
0.12674800718596882,0.0,0
0.2860796204008555,1.0,1
0.2744643261344537,1.0,1
0.356975708867605,1.0,2
0.031662823688516153,0.0,0
0.2915781807027335,1.0,1
0.3477542606062124,1.0,1
0.4687710207898007,0.0,2
0.4049423053769976,0.0,2
0.5864283849806919,0.0,3
0.39355327479800917,0.0,2
0.3393090042153148,0.0,1
0.2486577814232957,0.0,1
0.14639689871475142,0.0,0
0.14644108166623301,0.0,0
0.17297063562850462,0.0,0
0.11304203042479986,0.0,0
0.2650649000964184,0.0,1
0.33854549565791386,1.0,1
0.46245377117853553,0.0,2
0.5146770452118754,1.0,3
0.14382605522432218,0.0,0
0.07718013046458307,0.0,0
0.42726088635962883,0.0,2
0.17079965982985248,0.0,0
0.30941824896575304,0.0,1
0.08206446430914945,0.0,0
0.2253393203699485,0.0,1
0.20936243394160559,0.0,0
0.20785171570628966,1.0,0
0.5359740705154328,0.0,3
0.2367404759110534,0.0,1
0.5939335207818267,0.0,3
0.44412363191742876,0.0,2
0.33242037931233115,0.0,1
0.39806186044334124,1.0,2
0.4437167105224522,0.0,2
0.5721622178788026,1.0,3
0.15208599354666025,0.0,0
0.10211551184785704,1.0,0
0.4238148617470401,1.0,2
0.4044045839691579,0.0,2
0.20606736067394216,0.0,0
0.3769891561434051,0.0,2
0.2624674770866799,0.0,1
0.29813973962284523,0.0,1
0.15206172733891446,0.0,0
0.09462846124601852,1.0,0
0.05942963351254079,0.0,0
0.397136065896474,0.0,2
0.5040249436375254,0.0,2
0.3069689885841708,0.0,1
0.2433114155677291,0.0,1
0.21147549639241622,0.0,0
0.13936827378592442,0.0,0
0.11614233489794201,0.0,0
0.12428588463221729,0.0,0
0.42026143809985267,0.0,2
0.5476388206128071,1.0,3
0.17627891940182766,0.0,0
0.2991749297717505,0.0,1
0.16878776655754255,1.0,0
0.3252310023398456,0.0,1
0.2091580695670564,0.0,0
0.3437020684922303,0.0,1
0.18145239314544995,0.0,0
0.05761378118190112,0.0,0
0.45269979629854334,1.0,2
0.36866527775977803,0.0,2
0.0773471855684513,0.0,0
0.41930588929695783,1.0,2
0.36129273053321564,1.0,2
0.2425517025117784,1.0,1
0.23190505282016108,1.0,1
0.0978119494068284,0.0,0
0.049625385640322046,0.0,0
0.036800533031529026,0.0,0
0.3333812482826362,1.0,1
0.6273169001457966,0.0,3
0.5573995891094942,1.0,3
0.38108466135038455,1.0,2
0.24543009102919003,0.0,1
0.5632141737056093,1.0,3
0.18694090237793556,0.0,0
0.19116578815487753,0.0,0
0.08327977224700982,1.0,0
0.19874518946845637,1.0,0
0.25409876824457445,0.0,1
0.191781461597324,0.0,0
0.1252524940033062,0.0,0
0.39207574480920254,0.0,2
0.04539477133959939,0.0,0
0.5078180687862387,1.0,2
0.6091015113583551,0.0,3
0.2456957964106665,0.0,1
0.11746301225294195,0.0,0
0.39069402051276764,0.0,2
0.7139664540166808,1.0,3
0.16080803747399358,1.0,0
0.1287666431178419,0.0,0
0.19567621063707355,0.0,0
0.26885557795271847,0.0,1
0.11361024278160672,0.0,0
0.48008840848712897,1.0,2
0.2382744415922188,0.0,1
0.29582007072615857,0.0,1
0.16196255713737404,0.0,0
0.10430049476592998,0.0,0
0.15328976750242776,0.0,0
0.31291946148452965,0.0,1
0.1733276090384927,0.0,0
0.14229327523248675,1.0,0
0.1582963532594255,0.0,0
0.1996321841150126,0.0,0
0.5177877373647917,1.0,3
0.5205255367383311,1.0,3
0.17701184385610322,0.0,0
0.5495470679667707,1.0,3
0.3684220446124886,0.0,2
0.16274603481756575,0.0,0
0.035476361470321044,0.0,0
0.17316822763023798,0.0,0
0.4285250496764405,0.0,2
0.14521374199821002,0.0,0
0.5159832156312363,0.0,3
0.43661663547354135,0.0,2
0.22277582916498864,1.0,1
0.3850060536154314,1.0,2
0.41080121409910925,0.0,2
0.3548649367077289,0.0,2
0.6709224558275617,0.0,3
0.27935214746286424,0.0,1
0.4812589731582702,0.0,2
0.09537208288643698,1.0,0
0.2172386107030738,0.0,0
0.14345939332357852,0.0,0
0.08173139689438674,0.0,0
0.21540561622249005,0.0,0
0.218597496663107,1.0,0
0.5315595627398809,0.0,3
0.49162057964263073,0.0,2
0.19626137923317413,1.0,0
0.2428500161175782,0.0,1
0.07992055909324994,0.0,0
0.6762048745899782,1.0,3
0.441389354019119,0.0,2
0.1964497079691518,0.0,0
0.14014066355683333,0.0,0
0.3253214154142172,1.0,1
0.5160296733500114,1.0,3
0.40493252878405134,1.0,2
0.2059716740528012,0.0,0
0.09769848473507951,0.0,0
0.373788175311721,1.0,2
0.5758619883226171,1.0,3
0.3718953395096665,0.0,2
0.07065721571967729,0.0,0
0.3940503944289603,1.0,2
0.13560633984582293,0.0,0
0.1674215650585051,0.0,0
0.1455273990971638,0.0,0
0.14803264667282987,0.0,0
0.4144300530446089,0.0,2
0.38670692601237655,0.0,2
0.03158300392354883,0.0,0
0.3090210687453769,0.0,1
0.19433421819577326,0.0,0
0.35756161968495775,0.0,2
0.24351617774585235,0.0,1
0.3313766221527055,1.0,1
0.28910362873818984,0.0,1
0.22634642320965156,1.0,1
0.1317410003800484,0.0,0
0.30189992487972683,0.0,1
0.32400148388071215,0.0,1
0.07036609439121157,0.0,0
0.43599209875184536,0.0,2
0.30477273376278224,0.0,1
0.486393860550187,1.0,2
0.13899213418054496,0.0,0
0.2600980259211277,0.0,1
0.3254322724660955,1.0,1
0.3806355418498121,1.0,2
0.32201050058305214,0.0,1
0.27444193744550416,0.0,1
0.526302998254573,0.0,3
0.5181351631623552,1.0,3
0.30050006682625535,0.0,1
0.3171346063962513,0.0,1
0.25539265156033225,0.0,1
0.24155032197842918,0.0,1
0.1845576577487615,0.0,0
0.18185887153852404,1.0,0
0.533847063639259,1.0,3
0.2155382216585564,0.0,0
0.02898773609870051,0.0,0
0.10231653560751011,0.0,0
0.4590769972518292,1.0,2
0.15931480014604532,0.0,0
0.05753137344533476,0.0,0
0.37055777649961036,1.0,2
0.17150492530550265,0.0,0
0.34669815184306585,0.0,1
0.28963263152796337,0.0,1
0.1538181856359661,0.0,0
0.056864729471338464,0.0,0
0.03878048997177612,0.0,0
0.3059862923278661,1.0,1
0.5554534812385458,1.0,3
0.7610765512005323,1.0,3
0.3809734054264091,0.0,2
0.21475381395371912,0.0,0
0.4910878802283348,0.0,2
0.04042132284310251,0.0,0
0.5293118802205716,1.0,3
0.08732109539424301,0.0,0
0.07592915640376953,0.0,0
0.2615682363174366,1.0,1
0.2436865689825008,0.0,1
0.09032233416294949,0.0,0
0.780450929449418,1.0,3
0.19431883626978186,0.0,0
0.2401458634848046,0.0,1
0.293673460799989,0.0,1
0.21259965350529514,0.0,0
0.10874830680049816,0.0,0
0.36604460982656384,1.0,2
0.14087508388826558,0.0,0
0.3648962124294972,1.0,2
0.23358240343896447,0.0,1
0.29298813085105113,0.0,1
0.4671752171549962,0.0,2
0.8818070263246572,1.0,3
0.018258313453566592,0.0,0
0.3375730897985383,0.0,1
0.17472358499309434,0.0,0
0.4251783434893634,1.0,2
0.2164432223236678,0.0,0
0.24299185294428768,0.0,1
0.3004718861810968,1.0,1
0.21172384550290757,0.0,0
0.06311962552257515,0.0,0
0.12256992878689871,0.0,0
0.384865895334887,0.0,2
0.1910247337771487,1.0,0
0.4140053456226966,1.0,2
0.07525755517556634,0.0,0
0.3599096998032367,1.0,2
0.34788866580674876,0.0,1
0.1260712442946289,0.0,0
0.08159785085125228,0.0,0
0.25355157667138173,0.0,1
0.49214991661330554,1.0,2
0.17390503348652103,0.0,0
0.5847827580100772,1.0,3
0.5811795345892119,1.0,3
0.1064300253939051,0.0,0
0.21502588880997275,0.0,0
0.31933392751403894,0.0,1
0.22911738830727246,0.0,1
0.15423763518112937,0.0,0
0.5892633128462981,0.0,3
0.34013754385950185,0.0,1
0.0656073133537984,0.0,0
0.5525196012448969,0.0,3
0.11743413099710463,0.0,0
0.23441910051775694,0.0,1
0.05745303482839897,1.0,0
0.22147001514277578,0.0,1
0.32820636464199426,1.0,1
0.31954610745757905,0.0,1
0.3395313584226115,0.0,1
0.5930274353817457,1.0,3
0.3987061056153105,1.0,2
0.14521468780743563,0.0,0
0.3352447709963075,0.0,1
0.0969005611066092,1.0,0
0.192426330558785,0.0,0
0.16120880761200268,0.0,0
0.27586595078047704,1.0,1
0.2354364666710162,0.0,1
0.5610593742183145,1.0,3
0.31859063580060526,0.0,1
0.07444765505851518,0.0,0
0.5206531109321068,0.0,3
0.46943355124923697,0.0,2
0.16700385844292684,1.0,0
0.5886555861317082,0.0,3
0.24672817063816208,0.0,1
0.16337675069266921,0.0,0
0.32209355614112234,0.0,1
0.05892632645808868,0.0,0
0.21896969887623138,0.0,0
0.2814272405328891,0.0,1
0.20740603312022532,0.0,0
0.6239836465087963,1.0,3
0.3295348450229803,1.0,1
0.11278999742881256,0.0,0
0.26077641463395157,0.0,1
0.468799996723502,1.0,2
0.4479155359493567,1.0,2
0.08250550261191184,0.0,0
0.34743043825252573,0.0,1
0.5099557805590819,1.0,3
0.13870367777865927,0.0,0
0.3356799350092333,1.0,1
0.3397172851446404,0.0,1
0.47282248742757227,1.0,2
0.2801897623338251,0.0,1
0.13855009206210173,0.0,0
0.3709932564588353,0.0,2
0.09274308043554774,0.0,0
0.7333432805800045,1.0,3
0.5913406639062027,0.0,3
0.19332336715200804,1.0,0
0.30048227044126585,1.0,1
0.34541799602735856,0.0,1
0.432991050511284,1.0,2
0.1625192161814314,0.0,0
0.12417846000927027,0.0,0
0.3124292962456352,1.0,1
0.21826315433599364,1.0,0
0.12648579587053713,0.0,0
0.049645251704749725,0.0,0
0.36191618467463893,0.0,2
0.36657851839398387,1.0,2
0.5901839858648339,0.0,3
0.3189422084118939,0.0,1
0.556466934633006,1.0,3
0.363488330221793,0.0,2
0.35902166285039705,0.0,2
0.3071790075842764,0.0,1
0.20286726787109963,0.0,0
0.13820336717600268,0.0,0
0.39345962434836435,1.0,2
0.3729450427731561,0.0,2
0.4079145644742531,1.0,2
0.3025245152517999,0.0,1
0.3380315429100721,0.0,1
0.26468569334445835,0.0,1
0.035068782381196276,0.0,0
0.33791716429325513,1.0,1
0.15831495247948063,0.0,0
0.06621881036998829,0.0,0
0.1333097181324735,0.0,0
0.42712735945992086,0.0,2
0.4224323318141331,0.0,2
0.12316064321136906,1.0,0
0.07063821236740385,0.0,0
0.25727621988814076,0.0,1
0.5089415187383902,0.0,2
0.23569807882442104,0.0,1
0.10784690292222009,0.0,0
0.4287437351334164,0.0,2
0.594588701032097,1.0,3
0.21550407070392505,0.0,0
0.39896134080760093,0.0,2
0.3533987950347267,0.0,2
0.2374350403946528,0.0,1
0.171540324613796,0.0,0
0.5501159616951188,0.0,3
0.2277133661740565,1.0,1
0.1400814002715963,0.0,0
0.15704627063499035,0.0,0
0.31911308359216284,0.0,1
0.1665879242350516,0.0,0
0.34005550519502303,0.0,1
0.1303098638875023,0.0,0
0.3481641605016099,0.0,1
0.13272804466929297,0.0,0
0.5899472235592629,0.0,3
0.2351347958102792,0.0,1
0.1289757616884019,0.0,0
0.13799843310322277,0.0,0
0.5570978764416615,0.0,3
0.18334969729994782,1.0,0
0.2002494126473567,0.0,0
0.16926831062844647,0.0,0
0.3139241888746064,1.0,1
0.2154617837268219,1.0,0
0.3501485382864156,0.0,1
0.3648560009887074,0.0,2
0.03577588801867985,1.0,0
0.389568471964817,0.0,2
0.45866171687679225,0.0,2
0.1899475495453589,0.0,0
0.25066268054412355,0.0,1
0.23094686661829164,0.0,1
0.3168142211730872,0.0,1
0.1328355919846776,0.0,0
0.06626588222157329,0.0,0
0.3862608554360585,1.0,2
0.15536326608127848,0.0,0
0.36729893019065096,0.0,2
0.36427687216296967,0.0,2
0.3440411085603563,0.0,1
0.47194849662402866,0.0,2
0.142669985175069,1.0,0
0.33849055290575764,0.0,1
0.34648991358870335,0.0,1
0.2288153970713673,0.0,1
0.14464320439067657,0.0,0
0.2658313115337245,0.0,1
0.10821836777863011,0.0,0
0.035349649178975213,0.0,0
0.27916646140136836,1.0,1
0.3988332866598836,1.0,2
0.3648763658913967,0.0,2
0.21022474146100914,0.0,0
0.3752400809058794,1.0,2
0.4147438856125978,0.0,2
0.31428039182239825,0.0,1
0.25417069083417987,0.0,1
0.07236254582163983,0.0,0
0.40916416236614683,0.0,2
0.2610017113427008,0.0,1
0.31109956868516575,1.0,1
0.15363275762694406,0.0,0
0.14261340645485973,0.0,0
0.5026019140904813,0.0,2
0.5036238655101256,0.0,2
0.4147411493273779,0.0,2
0.43999285531362625,1.0,2
0.2965034741790409,0.0,1
0.2037910527272737,0.0,0
0.36997793840547,0.0,2
0.28421779043539847,0.0,1
0.3791447121047916,1.0,2
0.25730803576782646,1.0,1
0.21193473690030862,0.0,0
0.25869480115813975,0.0,1
0.14596291101680728,0.0,0
0.29831194024611324,1.0,1
0.4214510873210862,1.0,2
0.20842819651431446,0.0,0
0.026571742797721617,0.0,0
0.31949121323568247,0.0,1
0.1869818782170697,0.0,0
0.37021971095841294,0.0,2
0.2645017138555127,0.0,1
0.6140232276830834,0.0,3
0.01707558568226167,0.0,0
0.3106211120977086,1.0,1
0.5278636074323879,0.0,3
0.19511331456443692,1.0,0
0.15122983403653525,0.0,0
0.1967985745527403,1.0,0
0.03357703392049699,0.0,0
0.028271977613805004,0.0,0
0.260371790467683,1.0,1
0.28748536775151934,0.0,1
0.14750088999275476,0.0,0
0.5290133227592758,0.0,3
0.18162405723034863,0.0,0
0.5204306044755781,1.0,3
0.19364586604919315,0.0,0
0.15978440211984604,0.0,0
0.12991174756320442,0.0,0
0.19260998179849523,0.0,0
0.2792840548670534,0.0,1
0.2150347019171067,0.0,0
0.11327187082184162,0.0,0
0.06065263194855586,0.0,0
0.16797912489188782,1.0,0
0.24611803606753446,1.0,1
0.13566457253678957,0.0,0
0.35340814287788624,0.0,2
0.09629571740082463,0.0,0
0.36163892540241904,0.0,2
0.22695177220715232,0.0,1
0.056680502246730595,0.0,0
0.13849455532816418,0.0,0
0.5373663989061429,1.0,3
0.17512933857716736,0.0,0
0.14230603521490645,0.0,0
0.31146552079233003,1.0,1
0.20808884229151145,0.0,0
0.35471479418035284,0.0,2
0.36349485040754403,0.0,2
0.38909331135878744,0.0,2
0.6251180792682174,0.0,3
0.32171999150518704,0.0,1
0.31717874327688267,1.0,1
0.15849273390691143,0.0,0
0.25324611165279376,0.0,1
0.11798228338728219,0.0,0
0.2661432941929128,0.0,1
0.30734626552005934,0.0,1
0.3861517413349348,0.0,2
0.45341065757700305,0.0,2
0.330427085625797,0.0,1
0.025748207102953464,0.0,0
0.2716352189151278,0.0,1
0.1083145651864274,0.0,0
0.14060823497433012,0.0,0
0.22262186097872133,0.0,1
0.4125972603255415,0.0,2
0.16341671701944283,1.0,0
0.48439456191274166,1.0,2
0.27391109097471045,1.0,1
0.34010761034710474,0.0,1
0.471303164482454,1.0,2
0.33576697711839804,0.0,1
0.3961011675105132,0.0,2
0.24630056906743042,0.0,1
0.4820953383538681,1.0,2
0.5945380520103961,0.0,3
0.3176149505417166,0.0,1
0.06205254416394167,0.0,0
0.13879591313284864,0.0,0
0.13403143824272865,0.0,0
0.20573851734078819,0.0,0
0.2044929237742954,0.0,0
0.28935140329611275,0.0,1
0.17310102688536333,0.0,0
0.24712457875734442,0.0,1
0.24785549282122668,1.0,1
0.23421509923580042,1.0,1
0.672725817237159,1.0,3
0.17751265570965064,0.0,0
0.5831333197857421,1.0,3
0.24160750937777664,0.0,1
0.4812137382075574,1.0,2
0.33063911291042836,1.0,1
0.6991882667043497,0.0,3
0.3465955064673545,0.0,1
0.2830801929838841,0.0,1
0.4773735017899874,1.0,2
0.7289707110043329,1.0,3
0.15874322037469088,0.0,0
0.435840288521088,0.0,2
0.090020143931323,0.0,0
0.09350507283577565,0.0,0
0.28434724177914844,1.0,1
0.7081121294165916,1.0,3
0.26111884953128806,1.0,1
0.23739302615317154,0.0,1
0.17770503115679942,0.0,0
0.3844723541991016,1.0,2
0.468210999844572,0.0,2
0.23302635224299859,1.0,1
0.27085624898939403,1.0,1
0.2628392335577765,1.0,1
0.466992154792321,0.0,2
0.43139306988786297,1.0,2
0.0592267995197623,0.0,0
0.2597325401356406,1.0,1
0.33881388077496144,1.0,1
0.42543650157058077,0.0,2
0.11689439834669675,0.0,0
0.10836673828849157,0.0,0
0.5382747103332364,1.0,3
0.16361513511010106,0.0,0
0.35002381491072315,0.0,1
0.5893119540954125,0.0,3
0.26145113886194865,1.0,1
0.4154880994709097,0.0,2
0.342736128670775,0.0,1
0.11773419020727369,0.0,0
0.2384373845019477,0.0,1
0.1312878825918521,0.0,0
0.36737465516414797,0.0,2
0.4824036740013548,0.0,2
0.3542746398737999,0.0,2
0.3395471114059303,0.0,1
0.39279558022179384,0.0,2
0.4353703179154738,1.0,2
0.47970445296735253,0.0,2
0.5249704993977281,1.0,3
0.3981300570129465,0.0,2
0.40936822211216284,1.0,2
0.014104024633168805,0.0,0
0.2636847342390271,1.0,1
0.3575594632296989,0.0,2
0.13142210613317568,0.0,0
0.42541364931019554,0.0,2
0.4931366180889213,0.0,2
0.6531759596973727,0.0,3
0.3681964154656242,1.0,2
0.03570941563084947,0.0,0
0.18388847168670155,0.0,0
0.2702961390112448,1.0,1
0.3764211203729484,0.0,2
0.047054902873603054,0.0,0
0.20839882042183228,0.0,0
0.5547294229855724,1.0,3
0.11536309976203397,1.0,0
0.3457031111438843,0.0,1
0.09627266600397523,0.0,0
0.07659022582182412,0.0,0
0.13680969272320498,1.0,0
0.182925897906067,0.0,0
0.34184398824111234,0.0,1
0.30442264925144746,0.0,1
0.27821971948511476,0.0,1
0.2047722422626129,0.0,0
0.16009592817114587,0.0,0
0.3244284297937159,0.0,1
0.2205044791325281,0.0,1
0.0626937524199926,0.0,0
0.06736039372005635,0.0,0
0.41396655924492654,1.0,2
0.1038433363185426,0.0,0
0.26369570400063796,0.0,1
0.25009934443274767,0.0,1
0.15773032649540203,0.0,0
0.012156494103115943,0.0,0
0.062425127090322205,0.0,0
0.21122679875533057,0.0,0
0.44229597508764945,0.0,2
0.36890877668209754,1.0,2
0.4767698393467487,0.0,2
0.473353655659827,1.0,2
0.2760150861304333,0.0,1
0.041652218096305545,0.0,0
0.33398282265938306,0.0,1
0.2989877649591153,0.0,1
0.27337679824608274,0.0,1
0.33448818265438146,0.0,1
0.13267960387805622,0.0,0
0.4824258275438833,1.0,2
0.5239161701845054,1.0,3
0.3326957192845783,0.0,1
0.1776412501386372,0.0,0
0.15453225616888852,0.0,0
0.3506312818070282,0.0,2
0.2636485734096875,1.0,1
0.1461736398132671,0.0,0
0.7102293567371154,1.0,3
0.15407312330329223,0.0,0
0.10473968292194712,0.0,0
0.2409903302160308,0.0,1
0.5279497118624554,0.0,3
0.5012926624090557,0.0,2
0.5209487953615193,0.0,3
0.3979640437367217,0.0,2
0.3510902857671539,1.0,2
0.3825678256155312,0.0,2
0.13290112356766035,0.0,0
0.19598702913493773,0.0,0
0.32339542398224597,1.0,1
0.1192911353354331,0.0,0
0.6273312610480034,0.0,3
0.22356965345217492,1.0,1
0.06343570728701729,0.0,0
0.18151236493726156,1.0,0
0.36968782217759844,1.0,2
0.1527253582489525,0.0,0
0.1575776979731351,0.0,0
0.21116965636885365,1.0,0
0.17593800226259257,0.0,0
0.34634806550569935,0.0,1
0.41379361590262403,1.0,2
0.08279361175054271,0.0,0
0.3539953678158157,0.0,2
0.5054279395721879,1.0,2
0.09874188265699876,0.0,0
0.38719675900677275,0.0,2
0.4783365450211098,0.0,2
0.45500595363634816,0.0,2
0.16987518981564037,0.0,0
0.23733349399442932,1.0,1
0.18627993430799497,0.0,0
0.418031942487189,1.0,2
0.1715978179262691,0.0,0
0.47805673756180955,0.0,2
0.37083740396444625,0.0,2
0.2692810663036625,0.0,1
0.3370271202035232,0.0,1
0.09205054058227725,0.0,0
0.18085194826801232,1.0,0
0.05966959881292744,0.0,0
0.26553804613550275,0.0,1
0.3688580539766703,0.0,2
0.14606462628945616,0.0,0
0.2076098146709908,0.0,0
0.11688407400882266,0.0,0
0.10797938965643271,0.0,0
0.2994136468460113,1.0,1
0.10676361998314617,0.0,0
0.326907667067441,0.0,1
0.17192953020047597,0.0,0
0.4980732293963518,1.0,2
0.2612911427022362,1.0,1
0.30048554422181645,0.0,1
0.20961950484292133,0.0,0
0.053226635703235686,0.0,0
0.2250529472022402,0.0,1
0.2844313760579677,0.0,1
0.2797270075577695,0.0,1
0.6728135619321932,0.0,3
0.28860664075045855,0.0,1
0.40108063049191467,0.0,2
0.25787736655781246,0.0,1
0.392647526499274,1.0,2
0.31250697809411515,0.0,1
0.3475703742026463,1.0,1
0.6979359800462522,0.0,3
0.258905019568355,0.0,1
0.17882914030656707,0.0,0
0.22890182193833353,0.0,1
0.25244321047129026,1.0,1
0.14381098145689444,1.0,0
0.21933849318138274,0.0,1
0.3424049513249746,0.0,1
0.3897674254513486,0.0,2
0.24343850867647115,0.0,1
0.35278122031386094,1.0,2
0.5536357069122749,0.0,3
0.061401766672189016,0.0,0
0.21241143308714186,0.0,0
0.19034764611321522,0.0,0
0.17660641179587044,0.0,0
0.3013262348704206,1.0,1
0.07125686922266719,0.0,0
0.36587729518917506,0.0,2
0.08918043572828964,1.0,0
0.32704311072767644,0.0,1
0.15799756126020073,0.0,0
0.6053858578832173,0.0,3
0.4823537902997797,0.0,2
0.22140812722404854,0.0,1
0.2543504953755711,0.0,1
0.4755729383799297,0.0,2
0.4966455773324026,1.0,2
0.5708346426486858,0.0,3
0.569489620718991,0.0,3
0.18759009715908123,0.0,0
0.39769506953561645,1.0,2
0.3148610584219532,0.0,1
0.5525616982383149,1.0,3
0.4706018466509048,0.0,2
0.2024440123415076,0.0,0
0.5344901680558225,1.0,3
0.09323761376253024,1.0,0
0.2778360020418623,0.0,1
0.3517125906422743,0.0,2
0.5621299059313072,0.0,3
0.21619952775230428,0.0,0
0.3627367049159878,0.0,2
0.1624313943923832,0.0,0
0.5675871218546604,1.0,3
0.48161732889794395,1.0,2
0.10823296564986215,0.0,0
0.18365373618662598,0.0,0
0.32654056823056743,0.0,1
0.2756256870689626,1.0,1
0.2860657278142484,0.0,1
0.06639418538467698,1.0,0
0.15686781391618076,0.0,0
0.05591660838077397,0.0,0
0.2301343251260543,1.0,1
0.03024861608109771,0.0,0
0.32231059164335424,1.0,1
0.17710749688513128,0.0,0
0.2503202826063204,0.0,1
0.30365505795062236,1.0,1
0.3753368367133764,0.0,2
0.3453014206833884,0.0,1
0.3502377644884,0.0,1
0.05419655134152047,1.0,0
0.5353897396685495,1.0,3
0.16604270482095373,0.0,0
0.2529538735820342,0.0,1
0.2850915981445179,0.0,1
0.2794657970205815,0.0,1
0.37894936753449276,0.0,2
0.28471627867208127,0.0,1
0.4179565309914257,1.0,2
0.4698479495159238,0.0,2
0.29087901667643223,0.0,1
0.21951679317527645,1.0,1
0.27060508177969483,0.0,1
0.44400775692795524,1.0,2
0.11972157413086444,0.0,0
0.34399783854906174,0.0,1
0.008874574720325658,0.0,0
0.2390736242493994,0.0,1
0.18746449658023842,0.0,0
0.49789844147863094,0.0,2
0.18296387198192626,0.0,0
0.2387616490720988,0.0,1
0.3158732911609725,1.0,1
0.34230864158666585,1.0,1
0.1286261544860254,0.0,0
0.32052600448930113,0.0,1
0.3246645439483961,0.0,1
0.15669561511539928,0.0,0
0.38896980505369466,1.0,2
0.6667499171342582,0.0,3
0.07487128430505095,0.0,0
0.2556140959685639,0.0,1
0.5905547129865264,0.0,3
0.22436523564177524,0.0,1
0.35729014072913823,1.0,2
0.1772207432472218,0.0,0
0.3639501021652167,0.0,2
0.31928391261540434,0.0,1
0.34483662492993544,1.0,1
0.07995958036437165,0.0,0
0.21863841341553147,0.0,0
0.28314081085649,1.0,1
0.7535263300012288,0.0,3
0.14495069929424495,0.0,0
0.12188725181959882,0.0,0
0.31220099607981777,1.0,1
0.26102425546303876,0.0,1
0.1547493595376477,0.0,0
0.7181214649755739,1.0,3
0.24950069663531627,0.0,1
0.2018726532080769,0.0,0
0.0203286450096216,0.0,0
0.04569547566399058,0.0,0
0.16150540615537026,1.0,0
0.09627660162468636,0.0,0
0.3913912296519503,1.0,2
0.4679781542990112,1.0,2
0.2735342399964046,0.0,1
0.2796782281988191,0.0,1
0.15488751145708068,0.0,0
0.4027636071463877,0.0,2
0.2130890437154077,0.0,0
0.5705892298413304,0.0,3
0.28535048747056463,0.0,1
0.5872889160110548,1.0,3
0.12565732172637312,0.0,0
0.2792662962787642,1.0,1
0.09429759586577681,0.0,0
0.245787244018054,1.0,1
0.3341922976608405,0.0,1
0.22151866133784076,0.0,1
0.11832631706261318,0.0,0
0.04607888314696922,0.0,0
0.07023810151120638,0.0,0
0.16553669706998578,0.0,0
0.7050899439841513,1.0,3
0.1453504206222964,0.0,0
0.32021292167147575,0.0,1
0.2546325974490237,0.0,1
0.2625250729048204,1.0,1
0.3518910231869407,1.0,2
0.3174418292601699,1.0,1
0.10268212623650362,1.0,0
0.1596101030256578,0.0,0
0.21895506083799385,0.0,0
0.20936052124751645,0.0,0
0.1760390539435053,0.0,0
0.1774898818215481,1.0,0
0.18894322018532894,1.0,0
0.3062301971399329,0.0,1
0.23136024788224202,0.0,1
0.07922400104438103,0.0,0
0.21544924164575002,0.0,0
0.11688211951557381,0.0,0
0.13692283791437757,0.0,0
0.2847278046202701,0.0,1
0.31880270150155526,0.0,1
0.33384144905162655,0.0,1
0.05188765994748759,0.0,0
0.2030461556748914,0.0,0
0.5298229468115979,0.0,3
0.049077582664092394,0.0,0
0.3186384202275359,0.0,1
0.20034489564822677,1.0,0
0.1780529128085423,0.0,0
0.2450423276360138,0.0,1
0.3797741723520153,1.0,2
0.43291761391842193,0.0,2
0.5226905350986518,1.0,3
0.23067854274633456,1.0,1
0.15556909100155059,0.0,0
0.44037237393503226,1.0,2
0.23750764061917926,0.0,1
0.13783478030854493,0.0,0
0.35869952283566914,0.0,2
0.12568691326065373,0.0,0
0.1751984780371854,0.0,0
0.3524336251897633,0.0,2
0.19656049427284772,0.0,0
0.15636443302045816,1.0,0
0.1730825728015219,0.0,0
0.3923998301401533,0.0,2
0.2526132253759297,0.0,1
0.6932069606637725,0.0,3
0.3182160063795571,1.0,1
0.07302847817970287,0.0,0
0.2667236455921165,0.0,1
0.5772397400843535,1.0,3
0.20695697850402797,0.0,0
0.26996751045684303,1.0,1
0.6118496979575427,0.0,3
0.3028902530529189,0.0,1
0.5103673957020756,0.0,3
0.16074118294662595,0.0,0
0.22773620644528642,0.0,1
0.09161243559334013,0.0,0
0.1420399921672639,0.0,0
0.196171148538693,0.0,0
0.1710417795726105,0.0,0
0.021788812107259654,0.0,0
0.13203852520067627,1.0,0
0.3833133458843253,0.0,2
0.18482635122048466,0.0,0
0.0644106103574904,0.0,0
0.32055025787777813,0.0,1
0.15217187950561997,0.0,0
0.542306579667106,1.0,3
0.08543616326644941,0.0,0
0.1033371489737079,0.0,0
0.1997318892120777,0.0,0
0.036541028897336,0.0,0
0.47795583547164094,0.0,2
0.27645136817177246,0.0,1
0.4950573149427281,1.0,2
0.2631866128876534,0.0,1
0.193498543855347,0.0,0
0.48132296327889007,0.0,2
0.12452129688380119,1.0,0
0.25680621050933655,0.0,1
0.7827536784179604,0.0,3
0.3381318504593073,0.0,1
0.1421895785420278,0.0,0
0.5821285884958193,1.0,3
0.081685415250167,0.0,0
0.053884473847465156,0.0,0
0.18842326825900957,0.0,0
0.48849265476548026,0.0,2
0.697932915792697,1.0,3
0.32376621813568307,0.0,1
0.4404664472708245,0.0,2
0.32413968509685165,1.0,1
0.3758187819110941,1.0,2
0.3969385347402871,0.0,2
0.27179188543918753,0.0,1
0.39143054518405307,0.0,2
0.2670581975652729,0.0,1
0.3008036337254396,1.0,1
0.3416656691160129,1.0,1
0.1018886134459779,1.0,0
0.17131015150452789,0.0,0
0.3465713356473419,0.0,1
0.34318161665110847,1.0,1
0.2708357886715141,1.0,1
0.22647639183133306,1.0,1
0.1002019686870793,0.0,0
0.09939324070729454,0.0,0
0.1981383491186979,1.0,0
0.1461394835450084,1.0,0
0.19285037105700997,0.0,0
0.1538588428862079,0.0,0
0.16875620791475449,0.0,0
0.2569732936265996,1.0,1
0.47521291060222154,1.0,2
0.18104517307352427,0.0,0
0.3958633924423286,1.0,2
0.38286708318221135,0.0,2
0.6710651677818251,1.0,3
0.1627553628786531,0.0,0
0.34762147648246433,0.0,1
0.15161351602360076,0.0,0
0.1144908264096667,0.0,0
0.12102243334416535,0.0,0
0.3369573421068146,0.0,1
0.17111473999115992,0.0,0
0.5825990360825132,0.0,3
0.5270069324915655,0.0,3
0.09439070125558606,0.0,0
0.33687506233767806,0.0,1
0.2681621718106488,0.0,1
0.3387914707673571,0.0,1
0.25736116229124295,0.0,1
0.1372346296268781,0.0,0
0.23617195161914337,0.0,1
0.5741979170982351,0.0,3
0.2871079890057743,1.0,1
0.24662749945656964,0.0,1
0.050923111048269604,0.0,0
0.26725012970086975,0.0,1
0.3096824866225192,0.0,1
0.03766366532073127,0.0,0
0.17316317947334334,1.0,0
0.4475655276979736,1.0,2
0.20360432863987576,1.0,0
0.2591656223372721,0.0,1
0.287678295413222,0.0,1
0.29637514261781345,0.0,1
0.11738095434540334,1.0,0
0.20551117020005838,1.0,0
0.7803304723436032,0.0,3
0.3550822457408271,1.0,2
0.35314531291626355,0.0,2
0.45809343604912356,0.0,2
0.4028175004386823,0.0,2
0.06396355785210092,0.0,0
0.19104762643626544,0.0,0
0.3603877383580367,0.0,2
0.20151819353951053,0.0,0
0.2208223783269822,1.0,1
0.4243164760315664,0.0,2
0.21085755846371396,1.0,0
0.24496026358661765,0.0,1
0.25950518318153765,0.0,1
0.3452638142827725,1.0,1
0.6531155895008849,1.0,3
0.2910242173354837,1.0,1
0.2338021345400843,1.0,1
0.13971364271969205,0.0,0
0.3414078851576169,0.0,1
0.17093524447224348,1.0,0
0.1906811945575056,1.0,0
0.47475199713646254,1.0,2
0.2278723066238904,0.0,1
0.7335526382102229,0.0,3
0.5520477419868367,0.0,3
0.17668811903475898,0.0,0
0.47939116755507566,1.0,2
0.2184478364945793,1.0,0
0.10101288638186898,0.0,0
0.23861091931218628,0.0,1
0.4770173658693448,0.0,2
0.17106206949410627,0.0,0
0.22165429061826772,0.0,1
0.26870286884671046,0.0,1
0.3766748203454343,0.0,2
0.09267505946278139,0.0,0
0.4589844028275191,1.0,2
0.16093928034558444,1.0,0
0.5261892286895086,1.0,3
0.38362427733445337,0.0,2
0.5192944155906738,0.0,3
0.17972366952713992,0.0,0
0.21509547180300106,0.0,0
0.34880362639882717,0.0,1
0.44845549808871527,1.0,2
0.2559172972848984,0.0,1
0.5081274325572396,0.0,2
0.12999944207697706,0.0,0
0.22744816773398632,0.0,1
0.3286464352676901,0.0,1
0.2151007802104773,0.0,0
0.049767068520566705,0.0,0
0.16603909718478832,1.0,0
0.18221450299232958,0.0,0
0.2730488189869431,0.0,1
0.24056033422670933,0.0,1
0.26375493613711354,0.0,1
0.15615874783578876,0.0,0
0.3604599183939334,0.0,2
0.11816949943607126,1.0,0
0.39194220544490993,0.0,2
0.6087055909679603,0.0,3
0.4793108747716986,0.0,2
0.12736591616132706,0.0,0
0.2737752100293961,0.0,1
0.43779875968686405,1.0,2
0.26317151329867855,1.0,1
0.5527183486238617,1.0,3
0.25525527012825433,1.0,1
0.40345291044817544,1.0,2
0.21019173140451955,1.0,0
0.34893449396752885,0.0,1
0.21057097831668609,0.0,0
0.20073433101840676,0.0,0
0.4651230778405705,1.0,2
0.029080734908196588,0.0,0
0.05859219867045071,0.0,0
0.08623005313489047,0.0,0
0.5515650936176975,1.0,3
0.13375583016366277,0.0,0
0.7845407599189256,1.0,3
0.0667647006394876,0.0,0
0.04917213586523442,0.0,0
0.17528423527054293,1.0,0
0.2507471167495951,0.0,1
0.3616181376600165,1.0,2
0.1688291752148058,0.0,0
0.5568197064373127,1.0,3
0.45271769345714724,0.0,2
0.20726795057635666,0.0,0
0.4198662585376976,1.0,2
0.2181064794182085,0.0,0
0.16779174184161316,0.0,0
0.40647043347393924,1.0,2
0.19739752550193781,0.0,0
0.3667001402462171,0.0,2
0.2502040491095001,0.0,1
0.45789394125652877,1.0,2
0.3291973324848764,1.0,1
0.39251309785206856,0.0,2
0.24387800363277637,1.0,1
0.5055446764143146,1.0,2
0.15986321203985934,0.0,0
0.40458641528710987,0.0,2
0.07244970532380247,0.0,0
0.3552183153243425,1.0,2
0.3594585169383005,0.0,2
0.5986652229751166,1.0,3
0.39541114663500976,0.0,2
0.11685847998567643,0.0,0
0.27774384378071676,0.0,1
0.1765114205714883,0.0,0
0.1513589268677712,0.0,0
0.24891000353643497,0.0,1
0.015618854933663065,0.0,0
0.602411501178401,1.0,3
0.328295729300697,0.0,1
0.11958508246412057,0.0,0
0.17709942195310435,0.0,0
0.25751700403670724,0.0,1
0.1482314617425181,0.0,0
0.1663358711629749,1.0,0
0.28038748492141674,0.0,1
0.5174988202732921,1.0,3
0.46980059679555325,1.0,2
0.4032136759696857,1.0,2
0.11622108269912496,0.0,0
0.178892191345342,0.0,0
0.37104804012249,0.0,2
0.1587304972259659,0.0,0
0.32507168373366513,1.0,1
0.04060566581521621,0.0,0
0.34364497526506105,0.0,1
0.6144811912499701,1.0,3
0.5079401676582123,0.0,2
0.5007022795820688,1.0,2
0.3971482055593273,0.0,2
0.3144493237711751,0.0,1
0.6003995408220698,0.0,3
0.16822536882460024,0.0,0
0.3916124008714559,0.0,2
0.4448944185644261,0.0,2
0.16600146745485753,0.0,0
0.2596979993544859,0.0,1
0.25952751710302363,0.0,1
0.47801206567180093,1.0,2
0.25245918201786693,0.0,1
0.19873343026957924,0.0,0
0.47671196871111793,0.0,2
0.614774135772146,1.0,3
0.5666794710577278,1.0,3
0.07592043096156094,0.0,0
0.4365231829872941,0.0,2
0.07820743291383517,0.0,0
0.4938159931903487,0.0,2
0.5546716546071596,0.0,3
0.28160548269008234,0.0,1
0.10753511164384111,0.0,0
0.4407638906211047,1.0,2
0.07188262440994096,0.0,0
0.08885678317932914,0.0,0
0.5130281123222538,1.0,3
0.10521800571156206,0.0,0
0.6503109244191878,0.0,3
0.5068272762818534,0.0,2
0.20007326164245762,0.0,0
0.07382520268787188,0.0,0
0.11580115888961236,0.0,0
0.48250988472395334,0.0,2
0.7458903920392346,1.0,3
0.1855929423276124,0.0,0
0.5599218537349778,0.0,3
0.35106647104003236,0.0,2
0.30156470065785795,1.0,1
0.35729335677593593,1.0,2
0.3454252891978468,1.0,1
0.11984073224839975,0.0,0
0.37674806680199024,0.0,2
0.4246079400811728,0.0,2
0.1380331327585206,0.0,0
0.5451598374352707,1.0,3
0.2732420041836342,1.0,1
0.05258847283881257,0.0,0
0.11712775781669497,1.0,0
0.10663435894988353,0.0,0
0.1920776109644953,0.0,0
0.46547013954731276,0.0,2
0.40499907295607374,1.0,2
0.06545096345221083,0.0,0
0.10001175543209415,0.0,0
0.7266134193810476,1.0,3
0.03659757509267189,0.0,0
0.3168569785136998,1.0,1
0.03584928530537162,0.0,0
0.10785421347758954,0.0,0
0.5860021225195468,1.0,3
0.29027050072582467,0.0,1
0.0444935553243102,0.0,0
0.14298325668924342,1.0,0
0.09285085376701938,1.0,0
0.48880841031479194,1.0,2
0.18914684332584492,0.0,0
0.27460063941877433,0.0,1
0.28253656404527316,0.0,1
0.5253685691926254,0.0,3
0.44031809609651085,0.0,2
0.5695998493499631,1.0,3
0.12238680018958613,0.0,0
0.07508600276143602,0.0,0
0.23737830144277375,0.0,1
0.6346913541370118,1.0,3
0.47349261616144805,0.0,2
0.38603371263757086,0.0,2
0.30225075345376784,1.0,1
0.13793694826413405,0.0,0
0.35685488396813586,1.0,2
0.024719084133871205,0.0,0
0.48656891615255504,0.0,2
0.38760263490959723,0.0,2
0.220321464651856,1.0,1
0.35805953338850677,0.0,2
0.1720021029864294,0.0,0
0.17883856838186293,0.0,0
0.43126315012862304,0.0,2
0.4306784065176498,0.0,2
0.09777338963534124,0.0,0
0.20056024468515865,1.0,0
0.2615335856880337,0.0,1
0.39248021459737015,1.0,2
0.18616688517041363,1.0,0
0.39500810081286647,1.0,2
0.6084738445093681,1.0,3
0.1027545941812866,0.0,0
0.40410554038568053,0.0,2
0.10337783734499183,0.0,0
0.39824724128556493,0.0,2
0.1530704413814633,0.0,0
0.4093188033574758,1.0,2
0.1725289444159371,0.0,0
0.15768210584391626,0.0,0
0.2891076325063739,0.0,1
0.145715318227195,0.0,0
0.07578823585606254,0.0,0
0.09630215361974998,0.0,0
0.0895219776141536,0.0,0
0.493129955192512,0.0,2
0.29693715569261514,0.0,1
0.518692405084793,1.0,3
0.15106405595653918,0.0,0
0.17500360593094857,0.0,0
0.5801925619676885,0.0,3
0.10467208832814744,0.0,0
0.25704455343233956,1.0,1
0.43449853176468556,1.0,2
0.4912398841233086,1.0,2
0.11608629637158298,0.0,0
0.35686677011684564,1.0,2
0.13880111329515962,0.0,0
0.7191012068963455,0.0,3
0.15308991114221246,0.0,0
0.25889709188507437,0.0,1
0.1487219965046335,0.0,0
0.47946034873127524,1.0,2
0.4798325360306177,0.0,2
0.4171439885999152,0.0,2
0.12333226283770476,0.0,0
0.423601625067032,1.0,2
0.08715578317650893,0.0,0
0.06095794891710681,0.0,0
0.2743072029013742,1.0,1
0.362051573686003,0.0,2
0.5800643832966726,1.0,3
0.04211006813145649,0.0,0
0.0918723583081578,0.0,0
0.17799510979221717,0.0,0
0.1976035271106598,0.0,0
0.5648289611005841,1.0,3
0.2884115177032278,0.0,1
0.32372995740476235,0.0,1
0.48876356870744414,0.0,2
0.44144167592983685,0.0,2
0.3143558979605468,1.0,1
0.37129779823088005,0.0,2
0.37939367968997606,1.0,2
0.009979459371249931,0.0,0
0.3269633573724551,0.0,1
0.3717792434510516,0.0,2
0.47219894975817767,0.0,2
0.4339960487531948,0.0,2
0.1646110192191102,0.0,0
0.16961362094314533,0.0,0
0.0678958937402129,0.0,0
0.09646175324394592,0.0,0
0.3726914412408232,0.0,2
0.21878527445457707,0.0,0
0.4425781036656788,1.0,2
0.1022202251217395,0.0,0
0.061122485237653595,0.0,0
0.5229390298952857,0.0,3
0.20744647164626787,0.0,0
0.21291366322770172,0.0,0
0.02222913818228204,0.0,0
0.31586220853016145,0.0,1
0.22265076492916944,0.0,1
0.09985203119230102,0.0,0
0.32843131423815314,0.0,1
0.4476191073963981,0.0,2
0.17166478837025323,0.0,0
0.3990509490274148,1.0,2
0.3926423943982121,0.0,2
0.03597107457012434,1.0,0
0.08750255608387622,0.0,0
0.13263806499927447,0.0,0
0.14828373251255944,0.0,0
0.2497121347717356,0.0,1
0.45184465037469174,1.0,2
0.255926176501121,0.0,1
0.32477163812652554,0.0,1
0.39160008624477527,0.0,2
0.2775810546036,1.0,1
0.159572221336976,0.0,0
0.12191509904522443,0.0,0
0.18860161530002884,0.0,0
0.46090265240201406,1.0,2
0.17037844701294821,0.0,0
0.0511671889156832,0.0,0
0.3363146011883019,0.0,1
0.05152072586724446,1.0,0
0.19540840381145874,0.0,0
0.14874018574704637,0.0,0
0.2671772714050668,1.0,1
0.116940219794692,0.0,0
0.23731210582890935,1.0,1
0.27440327817774174,0.0,1
0.033316012478051896,0.0,0
0.08280096807581008,0.0,0
0.41422162673840435,1.0,2
0.2818603520425163,1.0,1
0.3599094906877156,1.0,2
0.22341779491550057,0.0,1
0.6950264435461273,1.0,3
0.14154277033502216,0.0,0
0.7245161017980309,0.0,3
0.091156482497639,0.0,0
0.39435935082245754,0.0,2
0.39002754811670676,1.0,2
0.31842235826464443,0.0,1
0.3325130843129514,1.0,1
0.08165785973615258,0.0,0
0.3350053028140554,0.0,1
0.12202690983781395,0.0,0
0.17769711719929984,1.0,0
0.24548385242354806,0.0,1
0.34707227538155583,0.0,1
0.1299578790188347,0.0,0
0.04078105310043419,0.0,0
0.37018200153923564,0.0,2
0.5407854143163051,1.0,3
0.4956003849770416,1.0,2
0.3353944140183343,0.0,1
0.43812731960710527,1.0,2
0.3948065124154753,1.0,2
0.41014422548862167,1.0,2
0.45807858719991174,0.0,2
0.13681200446720393,1.0,0
0.2810130642148196,1.0,1
0.7228958154309791,0.0,3
0.2554818227671764,1.0,1
0.3056368993269245,1.0,1
0.20219089656933212,0.0,0
0.5283877746491434,0.0,3
0.1736636728317479,0.0,0
0.30330047387183695,0.0,1
0.03667495713941959,1.0,0
0.09497619287801354,0.0,0
0.7736635965444667,1.0,3
0.4108150191260587,1.0,2
0.19695286571083395,0.0,0
0.14679754120699587,0.0,0
0.3274582456464238,1.0,1
0.455924083860188,0.0,2
0.05100353834786094,1.0,0
0.22597839987208995,0.0,1
0.15221222994841438,0.0,0
0.4770406168469494,0.0,2
0.09582424457397251,0.0,0
0.19265981318034361,0.0,0
0.12093613815213651,0.0,0
0.23461437039082286,0.0,1
0.04506607659637522,0.0,0
0.29485716868038003,1.0,1
0.20558933679135072,0.0,0
0.1642772775540634,0.0,0
0.1569530630554875,0.0,0
0.17433553668904725,0.0,0
0.16928349422308792,0.0,0
0.2409668564780215,0.0,1
0.2260977206674083,0.0,1
0.05218154797748027,0.0,0
0.10001939684156166,0.0,0
0.07980840552254544,0.0,0
0.11305917604387011,0.0,0
0.40839727104505114,0.0,2
0.1754632516848536,0.0,0
0.3012094331258359,1.0,1
0.2339254482450522,0.0,1
0.02304176915764221,0.0,0
0.09942987120699058,0.0,0
0.2007571408889109,0.0,0
0.08925659773561294,0.0,0
0.11254632312578543,0.0,0
0.2988142026287142,0.0,1
0.45300059428790485,1.0,2
0.259596035162998,0.0,1
0.36690655147411133,0.0,2
0.19177866905555982,0.0,0
0.33758839304710425,0.0,1
0.19493579535710628,0.0,0
0.5836256489065665,1.0,3
0.12584436214315076,0.0,0
0.27557638820774105,0.0,1
0.41137695777231814,0.0,2
0.15303855369406835,0.0,0
0.2973336407764751,0.0,1
0.43710004944433123,1.0,2
0.306358902049909,0.0,1
0.12443784081029532,0.0,0
0.15917359006171086,0.0,0
0.31247827812729634,0.0,1
0.3222232161433862,1.0,1
0.3300442514398906,1.0,1
0.6389717541085955,1.0,3
0.4800461199373534,1.0,2
0.047728368174562684,0.0,0
0.1639907607797789,0.0,0
0.3120740955633889,0.0,1
0.2751349182840389,0.0,1
0.0663642956704681,0.0,0
0.17291319215118653,0.0,0
0.4340273086444317,1.0,2
0.053104058601249705,0.0,0
0.03930029454887948,0.0,0
0.38416328875344674,0.0,2
0.04377673569570664,0.0,0
0.5007259807048392,0.0,2
0.30213380565397757,0.0,1
0.18643812445478186,0.0,0
0.2022396662311732,0.0,0
0.3793528546707768,1.0,2
0.23041210667055698,0.0,1
0.2545549596401887,0.0,1
0.41089574675547247,0.0,2
0.5596429013689354,1.0,3
0.1763390254499101,0.0,0
0.13292838329862983,0.0,0
0.6535023805406645,0.0,3
0.0647078887063647,0.0,0
0.14609561925403858,1.0,0
0.06867399630710828,1.0,0
0.30475312805677157,0.0,1
0.30474409691722526,0.0,1
0.17546022130580988,1.0,0
0.5636496019116543,1.0,3
0.23796686307560536,0.0,1
0.39210043943892614,1.0,2
0.3073718266659666,1.0,1
0.1777874699079469,0.0,0
0.3896300011923749,1.0,2
0.4930706067026283,0.0,2
0.1395555364317254,0.0,0
0.2938656724932544,1.0,1
0.1603325176933091,1.0,0
0.11485697474043723,0.0,0
0.1880979868115992,0.0,0
0.44777489101701884,1.0,2
0.5470097395510503,0.0,3
0.6442627834981264,1.0,3
0.285905309885128,0.0,1
0.4676522424861735,0.0,2
0.19704156509886503,1.0,0
0.19317729258140445,0.0,0
0.4877268723610493,0.0,2
0.30705282577491944,0.0,1
0.5774005672187706,1.0,3
0.05698560425436918,0.0,0
0.5018359322377122,0.0,2
0.23567536706239367,0.0,1
0.36970775908343245,0.0,2
0.2737248321156162,0.0,1
0.3211832038366733,0.0,1
0.3357599583580229,0.0,1
0.39810697343256224,0.0,2
0.16417181455124424,1.0,0
0.08857861655105778,0.0,0
0.44329782823458636,0.0,2
0.21394160412288082,0.0,0
0.08597264913052767,0.0,0
0.10990360592808943,0.0,0
0.26276955763545845,0.0,1
0.23793626442842547,0.0,1
0.06434637601051724,0.0,0
0.3381500563573614,0.0,1
0.11750280580574253,0.0,0
0.016935548879250813,0.0,0
0.10900805994436409,0.0,0
0.09877666814806382,0.0,0
0.15154306102215198,0.0,0
0.14126674946898493,1.0,0
0.159712109721616,0.0,0
0.43388268834991683,1.0,2
0.42431022096418886,0.0,2
0.23925649817207453,0.0,1
0.39870716404718337,0.0,2
0.3212942727811855,1.0,1
0.2743428813785354,0.0,1
0.28981081813131704,1.0,1
0.18890672278953088,0.0,0
0.42606266665299153,0.0,2
0.14999742120760443,1.0,0
0.22644341491844897,1.0,1
0.48668848899617917,1.0,2
0.21629666578423337,0.0,0
0.10429669373729691,0.0,0
0.40821874497567723,0.0,2
0.28308005125635455,0.0,1
0.19535896331992328,1.0,0
0.3661041144745446,0.0,2
0.4968135011303861,1.0,2
0.31660849563652876,0.0,1
0.3503029527523076,1.0,2
0.5138474471543159,1.0,3
0.5443802061465666,1.0,3
0.15898944131829626,0.0,0
0.046384129785067105,0.0,0
0.2405069584910061,0.0,1
0.191181882105568,0.0,0
0.24479528977796797,0.0,1
0.32722937429379906,1.0,1
0.39882003875847627,0.0,2
0.09964270049123182,0.0,0
0.44079382470272166,1.0,2
0.3676868247149218,0.0,2
0.2678057736950847,0.0,1
0.10441428064484191,0.0,0
0.21350555371455163,0.0,0
0.295848211632788,1.0,1
0.06780791495051805,0.0,0
0.3961239123030689,1.0,2
0.47874422366961,1.0,2
0.2979685932978526,0.0,1
0.23263248530919806,0.0,1
0.346644132763995,0.0,1
0.3795543118729753,1.0,2
0.6653620604725461,1.0,3
0.23479723694946028,0.0,1
0.19946769757300775,0.0,0
0.24473933890808394,0.0,1
0.2371290678408549,0.0,1
0.10437187128621665,0.0,0
0.21453677157870768,0.0,0
0.24320334099733992,0.0,1
0.41901402425672324,0.0,2
0.07575607851570368,0.0,0
0.3831099821309307,1.0,2
0.6023457324437793,0.0,3
0.2565836663896911,1.0,1
0.13853982830701506,0.0,0
0.47582130320278404,0.0,2
0.2852613366813893,0.0,1
0.42400437178489864,0.0,2
0.20810044527641322,0.0,0
0.4822096316916747,0.0,2
0.31092070041149245,0.0,1
0.3944384609001706,0.0,2
0.2623778940900698,0.0,1
0.368756772017346,1.0,2
0.006881788104228899,0.0,0
0.11370007156964666,0.0,0
0.4248711445590879,0.0,2
0.4867982664109858,0.0,2
0.15008548729697876,0.0,0
0.2317017129508014,0.0,1
0.3173293241218981,0.0,1
0.15523560738533532,0.0,0
0.3785674162929041,0.0,2
0.38735441139975063,1.0,2
0.5425038965318211,1.0,3
0.2568494651101674,1.0,1
0.4350265675031265,1.0,2
0.2549633158355335,0.0,1
0.28616778067060256,0.0,1
0.21895748409126262,0.0,0
0.32371224532411885,0.0,1
0.32232253690735685,0.0,1
0.1271022402107232,1.0,0
0.15372768611724058,0.0,0
0.029192602099613347,0.0,0
0.2717252194120844,0.0,1
0.41008818243306683,1.0,2
0.06304511195398879,0.0,0
0.23526466619279152,1.0,1
0.47967189767010837,1.0,2
0.21087779397904088,0.0,0
0.03874561636480548,0.0,0
0.2518317913657946,0.0,1
0.18235745548590854,0.0,0
0.11536512585463443,0.0,0
0.32267700195019633,1.0,1
0.13340432067285452,0.0,0
0.4601254510390106,1.0,2
0.24440240787632386,1.0,1
0.3600231788001333,0.0,2
0.31910072555662883,0.0,1
0.04871965247941164,0.0,0
0.13549443380294354,1.0,0
0.1930006995495198,0.0,0
0.15256143189286386,0.0,0
0.28011154073589895,0.0,1
0.21419581427042,0.0,0
0.1556608795001781,0.0,0
0.3095936611201467,0.0,1
0.1535530621037386,0.0,0
0.4076851093906187,1.0,2
0.4660067283305644,1.0,2
0.20525984749051326,0.0,0
0.2922063751439316,0.0,1
0.3056249305907229,0.0,1
0.25928073813123326,0.0,1
0.268970395664447,0.0,1
0.10644532785155024,0.0,0
0.06658456035195673,0.0,0
0.7788265161365405,1.0,3
0.250724670854499,0.0,1
0.21448521732276893,0.0,0
0.22868548825165383,1.0,1
0.2640711262426873,0.0,1
0.09151242227483622,0.0,0
0.23196937338951035,0.0,1
0.14074305313928998,0.0,0
0.06807954152399648,0.0,0
0.4199588328962201,0.0,2
0.4489141690650815,1.0,2
0.31166111346643816,0.0,1
0.22879820194821904,1.0,1
0.08850695134066217,0.0,0
0.5110289955582268,1.0,3
0.054474217715758805,0.0,0
0.1791680188546554,0.0,0
0.4844567898910472,1.0,2
0.22084280929542185,0.0,1
0.1208130234025148,1.0,0
0.4120721929747881,0.0,2
0.724658870496056,1.0,3
0.28046553548217695,0.0,1
0.4520144243788824,1.0,2
0.27102558720157754,1.0,1
0.4044037570365049,0.0,2
0.2796306651303618,0.0,1
0.7275990371111196,0.0,3
0.02329760394987793,0.0,0
0.3503727544012575,1.0,2
0.02897248873812853,0.0,0
0.2144453585903015,0.0,0
0.24450484251552568,0.0,1
0.28091496119881043,0.0,1
0.13129556446624496,0.0,0
0.42131186077313304,1.0,2
0.11776782371633578,0.0,0
0.16490911830201013,0.0,0
0.14557705394046896,0.0,0
0.44808572288048487,1.0,2
0.11729530126503056,0.0,0
0.7451978581501016,1.0,3
0.18344805143000364,0.0,0
0.21895810851787328,0.0,0
0.3377625292450927,0.0,1
0.3203503860088173,0.0,1
0.5340325231330687,1.0,3
0.4474718056714482,1.0,2
0.12672155550411518,0.0,0
0.2965169757043463,0.0,1
0.3234252798524037,0.0,1
0.04762402011161227,1.0,0
0.19972350302791214,0.0,0
0.112743456973595,0.0,0
0.30203952828153763,0.0,1
0.054372074365477814,0.0,0
0.10465707050352609,0.0,0
0.28653638433187,1.0,1
0.14061443953642622,1.0,0
0.06584444756992774,0.0,0
0.33713504075391665,0.0,1
0.3652337179950482,0.0,2
0.2508945790234565,1.0,1
0.19140256641974984,0.0,0
0.26749390866629796,0.0,1
0.06992086531086789,0.0,0
0.40412662716794145,0.0,2
0.46527242913385763,1.0,2
0.19398765918521496,0.0,0
0.40619175853877065,1.0,2
0.07171944460711926,0.0,0
0.8121706225771094,1.0,3
0.23123361252654018,1.0,1
0.17022097111246248,0.0,0
0.2349217764675744,0.0,1
0.5391953703725791,0.0,3
0.4959623028081409,0.0,2
0.2688584494106616,0.0,1
0.16494434215312853,0.0,0
0.10963645293796799,0.0,0
0.43998847874430497,1.0,2
0.4404920115903426,1.0,2
0.3341575198640718,0.0,1
0.32709450374097554,0.0,1
0.14952456453196017,0.0,0
0.23220931729872962,1.0,1
0.4689186983365049,1.0,2
0.3227391950839133,0.0,1
0.37779866850112476,0.0,2
0.3081987370077905,0.0,1
0.3540056040704819,0.0,2
0.5772014215221045,1.0,3
0.14047229866456867,0.0,0
0.30073276915405805,0.0,1
0.3753028932064235,1.0,2
0.2791867757799224,0.0,1
0.09400752997673333,0.0,0
0.1991937082120216,1.0,0
0.354321131959013,0.0,2
0.2928086804512538,0.0,1
0.06499497329551152,0.0,0
0.1893691995460035,1.0,0
0.17814906196179287,0.0,0
0.22214810320984849,0.0,1
0.139053094797154,0.0,0
0.14485609864098992,0.0,0
0.2846089235989433,0.0,1
0.5864814499669156,1.0,3
0.2465900574832458,0.0,1
0.421005392815985,1.0,2
0.2604072146484295,0.0,1
0.15136440241574595,0.0,0
0.30768331782128466,0.0,1
0.23094258670962806,0.0,1
0.3247952433290081,1.0,1
0.12808509892292627,0.0,0
0.34300381791253914,0.0,1
0.4333118089532469,1.0,2
0.35514353989337466,0.0,2
0.21272350222435243,0.0,0
0.2420603538102931,1.0,1
0.06488887262470214,0.0,0
0.21441920411934934,0.0,0
0.22525453109763108,0.0,1
0.4018558466544647,1.0,2
0.17091566490623455,0.0,0
0.42016762439183347,0.0,2
0.2905273079126838,0.0,1
0.310882993362429,0.0,1
0.6701292188652718,1.0,3
0.4236847980140879,0.0,2
0.3071918593841934,0.0,1
0.03410718353278675,0.0,0
0.15234609471953398,0.0,0
0.15452259151381864,0.0,0
0.20480112515055876,0.0,0
0.31598774761906284,0.0,1
0.09932971494786585,0.0,0
0.3730077472214239,1.0,2
0.15442537790842983,0.0,0
0.21764775361936273,0.0,0
0.19655186547958658,1.0,0
0.19075744882545764,0.0,0
0.2507845022278434,0.0,1
0.5934414592019981,1.0,3
0.3806049062182204,0.0,2
0.2678039352725162,1.0,1
0.2561870473840873,1.0,1
0.05367912720150728,1.0,0
0.2577744617188975,0.0,1
0.1452509267659714,0.0,0
0.1899528721938674,0.0,0
0.6627556322068286,1.0,3
0.4851646594303432,1.0,2
0.3452442318226013,0.0,1
0.12525367396720724,1.0,0
0.06782170829967613,0.0,0
0.1661799447674897,0.0,0
0.08069686376170712,0.0,0
0.3869007956103209,1.0,2
0.41521503391445264,0.0,2
0.6011153815073534,1.0,3
0.3420797131456988,1.0,1
0.13705370233699601,0.0,0
0.1835003852821256,0.0,0
0.3493266187344563,0.0,1
0.4352951978884739,1.0,2
0.37726920660039803,1.0,2
0.3313791338119998,0.0,1
0.05553030780869475,0.0,0
0.3640125360771106,0.0,2
0.5246965720179907,1.0,3
0.30951194883496447,0.0,1
0.12494346301955823,0.0,0
0.21673254338110917,0.0,0
0.039856209050402366,0.0,0
0.20879711511470866,0.0,0
0.09030571509320141,0.0,0
0.10631070131643558,0.0,0
0.1676969335525186,0.0,0
0.11434729340391415,0.0,0
0.1774485171194141,0.0,0
0.3171494219174429,0.0,1
0.45004040298766473,1.0,2
0.22146580674273345,0.0,1
0.4638560972821631,0.0,2
0.2783156713064729,0.0,1
0.3420720045288434,0.0,1
0.2589838531971205,0.0,1
0.19122088906384438,0.0,0
0.4250384941357375,0.0,2
0.2059049619969109,0.0,0
0.48141312191323865,1.0,2
0.12767009314406802,0.0,0
0.6173865884946264,1.0,3
0.1626965083242757,0.0,0
0.11826918462934999,1.0,0
0.254129403198061,1.0,1
0.2120365721024202,0.0,0
0.5274218258697285,1.0,3
0.14571951016131574,0.0,0
0.32690496759213766,0.0,1
0.4800298083707978,0.0,2
0.15471695566946184,0.0,0
0.06270972593226698,0.0,0
0.055600552832028034,0.0,0
0.28172286920288564,0.0,1
0.3169616213852651,0.0,1
0.5097858175986828,0.0,2
0.2313383157539471,0.0,1
0.12194202540004463,0.0,0
0.07841252405492166,0.0,0
0.22939210590864006,0.0,1
0.6247112194166274,1.0,3
0.2074075573588887,0.0,0
0.0929353657641518,0.0,0
0.3129236274718046,0.0,1
0.3458091993469909,0.0,1
0.37941624048204625,1.0,2
0.20796820715403164,0.0,0
0.05394859095484809,0.0,0
0.37966052551985546,0.0,2
0.2603831052413834,0.0,1
0.2931858417286946,0.0,1
0.5073804912316741,0.0,2
0.26685658427226244,1.0,1
0.23668264257301272,0.0,1
0.34803028934616137,1.0,1
0.22993054686049702,1.0,1
0.38244058465612457,1.0,2
0.28808794516679403,0.0,1
0.235492671283305,1.0,1
0.40477338912362326,1.0,2
0.3674377448810921,0.0,2
0.2737238570074369,0.0,1
0.15006518283530842,0.0,0
0.39017063899343923,1.0,2
0.11351835932874368,0.0,0
0.0652604712470902,0.0,0
0.23534652289608254,0.0,1
0.508689326014069,1.0,2
0.4810834504208881,1.0,2
0.4600822564854262,1.0,2
0.19912086285476926,0.0,0
0.21530053564113644,1.0,0
0.4340563950938687,0.0,2
0.16604494328151975,0.0,0
0.20410603125050486,0.0,0
0.04288973128929155,0.0,0
0.38013431760216126,0.0,2
0.13023001001368664,0.0,0
0.206379692289778,0.0,0
0.4941940814186043,0.0,2
0.4829903095307901,0.0,2
0.13593261707304286,0.0,0
0.2552727583954971,0.0,1
0.024591828198516172,0.0,0
0.044257666923781004,0.0,0
0.27132478723533276,1.0,1
0.2645070374744326,0.0,1
0.3390099971539886,0.0,1
0.3466191027654234,0.0,1
0.061505361647665006,0.0,0
0.34131715181653677,0.0,1
0.19074776850674738,0.0,0
0.2541952382113729,0.0,1
0.4303010653775071,0.0,2
0.2242427401272845,0.0,1
0.27382866526538285,0.0,1
0.45489751672781475,0.0,2
0.12425519536582208,1.0,0
0.38401008373656403,1.0,2
0.5071967756341893,0.0,2
0.09168711564235303,0.0,0
0.23022787774737535,0.0,1
0.2615467000793167,0.0,1
0.32507827350238416,1.0,1
0.3720256421410083,0.0,2
0.21645951288659174,0.0,0
0.24815223750665918,0.0,1
0.2592577536350598,0.0,1
0.058667905964338615,0.0,0
0.5298748017002755,1.0,3
0.3042637123519897,0.0,1
0.11577930328853478,0.0,0
0.03177914204932743,0.0,0
0.41682082724370134,1.0,2
0.3896061418824537,0.0,2
0.3373952685251062,0.0,1
0.2679803712766837,0.0,1
0.1824621595046853,0.0,0
0.1147780138873812,0.0,0
0.2331281610555061,1.0,1
0.0911617554633085,0.0,0
0.19683426788388442,1.0,0
0.5525821153349932,1.0,3
0.140566254043411,0.0,0
0.16709673768562838,1.0,0
0.2692817310005376,0.0,1
0.12996461891838074,0.0,0
0.3569009279713461,0.0,2
0.19615281795369224,0.0,0
0.6108342291451259,1.0,3
0.7187466236049704,1.0,3
0.316420068115073,0.0,1
0.30928742895959854,0.0,1
0.4460676540055211,1.0,2
0.5486249951831236,0.0,3
0.09877220185350448,0.0,0
0.23820737589207885,0.0,1
0.36946669129539245,0.0,2
0.12062693434532551,0.0,0
0.3257419039332962,1.0,1
0.3184169616949974,0.0,1
0.421495566745162,0.0,2
0.31074450184380864,0.0,1
0.2511995712267544,0.0,1
0.23411478394470092,0.0,1
0.08018431371655693,0.0,0
0.06015958949424467,0.0,0
0.1373856235717692,1.0,0
0.42289197563938147,0.0,2
0.038027354334360386,0.0,0
0.04408442812621077,0.0,0
0.2299508027709829,0.0,1
0.517467732955619,0.0,3
0.08466327472792907,1.0,0
0.029612869956739916,0.0,0
0.30331064189441304,0.0,1
0.10825203038716043,0.0,0
0.13992534735306789,0.0,0
0.16082584436998884,0.0,0
0.542517258623238,1.0,3
0.04759251411577765,0.0,0
0.5237267794509596,0.0,3
0.22304089254858203,0.0,1
0.1736649334013376,0.0,0
0.4098615419743054,1.0,2
0.26920237153334325,0.0,1
0.2529997472575338,0.0,1
0.2317248531126819,0.0,1
0.46564578763354963,0.0,2
0.48590265579412667,0.0,2
0.2895131693333457,1.0,1
0.19701526579570108,0.0,0
0.39306495195696456,1.0,2
0.1274901554175793,0.0,0
0.36306187978097965,0.0,2
0.35575735445856277,0.0,2
0.25702188486355865,0.0,1
0.4044778728963195,1.0,2
0.28069494728565336,0.0,1
0.16415341859063678,0.0,0
0.20955767530807512,0.0,0
0.2764842162941509,0.0,1
0.24935078673974653,0.0,1
0.33887876593158994,1.0,1
0.15441444567322468,1.0,0
0.37284489442977997,1.0,2
0.6768734946623065,0.0,3
0.1592557988468639,0.0,0
0.4301898844141748,1.0,2
0.13794364775867785,0.0,0
0.1753161550516568,1.0,0
0.2515599695612433,0.0,1
0.2517333262852223,0.0,1
0.0816573797617853,0.0,0
0.4390211380053117,1.0,2
0.12470074535040816,0.0,0
0.3369808154736918,1.0,1
0.07549090727349128,0.0,0
0.11951063956794256,0.0,0
0.07860602167076615,0.0,0
0.18544294350247437,0.0,0
0.11426862469293712,0.0,0
0.2919349650230991,1.0,1
0.2829396033557776,1.0,1
0.1649215613478639,0.0,0
0.1801153220331744,1.0,0
0.49995687762491947,1.0,2
0.23317145777775936,1.0,1
0.2289977805629126,1.0,1
0.2468121465445813,0.0,1
0.21913629167324974,0.0,1
0.13634809377415402,0.0,0
0.39224433330633535,0.0,2
0.4812255360593557,0.0,2
0.08546597501847893,0.0,0
0.27143011865862027,0.0,1
0.49119861057666736,0.0,2
0.7889899500331046,1.0,3
0.46359573511320495,0.0,2
0.2736910528755656,0.0,1
0.32917399634658845,0.0,1
0.4906099141463818,0.0,2
0.026855726454548746,0.0,0
0.193432995275379,0.0,0
0.07341991095918297,1.0,0
0.4018472396141697,0.0,2
0.10765962553406117,0.0,0
0.47747693359692883,1.0,2
0.14550864828456925,0.0,0
0.45581081995863454,0.0,2
0.43438156119284216,0.0,2
0.3242608548648103,0.0,1
0.6266787104764515,1.0,3
0.07272549559648551,0.0,0
0.5207524793394003,1.0,3
0.17565578576937446,0.0,0
0.26965037596992936,0.0,1
0.26369049170680975,0.0,1
0.27855011175821326,0.0,1
0.20285769921187077,1.0,0
0.21269897071415655,1.0,0
0.11988895810472087,0.0,0
0.07131446465159488,0.0,0
0.3460031717393052,0.0,1
0.5306892413371143,1.0,3
0.22731702180184246,0.0,1
0.06163163073844574,0.0,0
0.21042158086499205,0.0,0
0.2748895781109766,0.0,1
0.08234213846459797,0.0,0
0.3291072256759394,1.0,1
0.23154041511347492,0.0,1
0.15177785685563772,0.0,0
0.03582387594115361,0.0,0
0.29765321857656063,0.0,1
0.3085858912430119,0.0,1
0.2171766515193372,0.0,0
0.392910211094142,0.0,2
0.4422762698173497,1.0,2
0.14724081559205157,0.0,0
0.10350161337966099,0.0,0
0.3939294878737311,1.0,2
0.19006747196012475,0.0,0
0.25323531838715585,0.0,1
0.5882594544070111,1.0,3
0.3786397010164138,0.0,2
0.11609107296284375,0.0,0
0.12860142036945985,0.0,0
0.3023890092512592,1.0,1
0.346729513514095,0.0,1
0.12153731496850792,0.0,0
0.3789208944172008,1.0,2
0.38080004799148076,1.0,2
0.3897527410933036,0.0,2
0.632680266174603,0.0,3
0.3498298453901308,0.0,1
0.07344450815991357,0.0,0
0.12937512786177066,0.0,0
0.2246424164158752,0.0,1
0.13112969492751636,0.0,0
0.3090263365125232,0.0,1
0.10234316076228485,0.0,0
0.16374116411058123,0.0,0
0.07222814813734749,0.0,0
0.48706300851736756,1.0,2
0.221948549192894,0.0,1
0.5248915514395904,1.0,3
0.31419135397893605,1.0,1
0.22269331854406157,0.0,1
0.3268713164644622,1.0,1
0.10876720836277183,0.0,0
0.1526491523296083,0.0,0
0.48118713289001347,0.0,2
0.41355040289530764,1.0,2
0.17732075678508558,0.0,0
0.1394041487575615,1.0,0
0.5508119360848003,1.0,3
0.1359963533200453,0.0,0
0.35364839164456047,0.0,2
0.3366425994623836,0.0,1
0.11046027991714569,1.0,0
0.22724576605088334,0.0,1
0.2887566438056112,0.0,1
0.34879017545112806,0.0,1
0.07535298048406153,0.0,0
0.16025330814529803,0.0,0
0.3620655162498746,0.0,2
0.4613598925916891,0.0,2
0.3632381340716314,0.0,2
0.031748546280954124,0.0,0
0.3939323988198462,0.0,2
0.19406146961876822,0.0,0
0.059084620687770095,0.0,0
0.324039107814447,1.0,1
0.47714745320902036,0.0,2
0.5049937589069446,0.0,2
0.32650796096524715,0.0,1
0.291929959966443,0.0,1
0.2282126435146624,0.0,1
0.5147260412693275,1.0,3
0.4658869233819712,0.0,2
0.29375919994256716,1.0,1
0.01745962211585356,0.0,0
0.47429429048874716,1.0,2
0.06068256510558624,0.0,0
0.200736206481694,0.0,0
0.2501508069535388,1.0,1
0.04463445700711473,0.0,0
0.20871282147112985,0.0,0
0.11832484576217643,0.0,0
0.23815794626007805,0.0,1
0.39108205237583743,1.0,2
0.3762070331511735,1.0,2
0.15106986242878573,0.0,0
0.4508789390950419,1.0,2
0.4725541945799205,0.0,2
0.34406013086054305,1.0,1
0.2743493920288692,0.0,1
0.1816085913573354,0.0,0
0.11118920513464205,0.0,0
0.4769706993750932,0.0,2
0.20512407137730884,0.0,0
0.6796903171278945,1.0,3
0.1527549290555782,0.0,0
0.6472328746995509,1.0,3
0.3647862224020567,0.0,2
0.21336400897344396,1.0,0
0.33024554988790683,0.0,1
0.2844690253424933,0.0,1
0.21343035472714092,1.0,0
0.11493979049434559,1.0,0
0.04762042779552165,0.0,0
0.44250751392119575,1.0,2
0.4162922910167777,0.0,2
0.20907472623400833,0.0,0
0.20837599692770195,0.0,0
0.4872710195797898,1.0,2
0.4316889732915758,1.0,2
0.0922108175394722,0.0,0
0.4298190255465716,1.0,2
0.39148383005927584,0.0,2
0.3039964364962431,0.0,1
0.09532527510143832,0.0,0
0.06839703480849588,0.0,0
0.31221889049185353,1.0,1
0.27657501028824216,0.0,1
0.1354486018501883,0.0,0
0.6112271619800751,0.0,3
0.4827319290477275,0.0,2
0.09778786665943888,1.0,0
0.07899641185571497,0.0,0
0.2704500137145812,0.0,1
0.3785224546914559,0.0,2
0.4152302185856495,0.0,2
0.3833475057344705,0.0,2
0.30577668966599436,0.0,1
0.5074961535447912,1.0,2
0.6312223229239141,0.0,3
0.3260687055238248,0.0,1
0.42392770794912854,1.0,2
0.06393648949003702,0.0,0
0.7140610557345605,1.0,3
0.4019962115645067,0.0,2
0.10931107824668433,0.0,0
0.2891746848557788,0.0,1
0.24098755991982676,0.0,1
0.5159479045128598,1.0,3
0.4355772941625845,0.0,2
0.05988519769852206,1.0,0
0.4621968139329995,1.0,2
0.3597641917055553,0.0,2
0.23956708037602076,0.0,1
0.44152638705411756,0.0,2
0.3791732959916835,0.0,2
0.21306022327505159,0.0,0
0.3361475744065664,1.0,1
0.45877657604503663,1.0,2
0.17979935660264604,1.0,0
0.17123409060845832,0.0,0
0.22959885391265325,1.0,1
0.1917991891406357,1.0,0
0.3333388721494701,0.0,1
0.31277202787064035,1.0,1
0.17050605812633485,0.0,0
0.08590378453212995,0.0,0
0.30184283263579686,0.0,1
0.29072724044513243,1.0,1
0.4869699829089078,1.0,2
0.056763718243354355,0.0,0
0.2372468202650603,0.0,1
0.04461121941467069,0.0,0
0.04971771720138636,0.0,0
0.3669352969824574,0.0,2
0.3068584300404368,1.0,1
0.16317170271409015,0.0,0
0.19832343779249892,0.0,0
0.22589904142792727,0.0,1
0.06614836556633012,0.0,0
0.17472843974226474,0.0,0
0.16039616128754822,0.0,0
0.46176767792656326,0.0,2
0.3503656753074776,1.0,2
0.345958080367019,1.0,1
0.17790780146690582,1.0,0
0.22118964152348863,1.0,1
0.18614023980813624,0.0,0
0.05907640221458936,0.0,0
0.1663821410301605,0.0,0
0.4997653472769421,1.0,2
0.2904708408703781,0.0,1
0.16172278193555067,0.0,0
0.35743019027984946,1.0,2
0.5821352274599366,1.0,3
0.4509533305035604,0.0,2
0.1739628455432521,0.0,0
0.21491428763349876,0.0,0
0.3530336330765466,0.0,2
0.44847423838948774,0.0,2
0.1931299043556284,0.0,0
0.06422259412037082,0.0,0
0.24890194764221113,0.0,1
0.27026808478887665,0.0,1
0.11123684803656353,0.0,0
0.43260028537920103,1.0,2
0.1690128306626395,0.0,0
0.27485965263722467,0.0,1
0.28305479189185656,0.0,1
0.18533463448209264,0.0,0
0.5269451050945135,1.0,3
0.3898671639836175,1.0,2
0.12420136352655965,0.0,0
0.2173017121517367,0.0,0
0.15250918225692725,0.0,0
0.14765700657390912,0.0,0
0.3162695850048806,0.0,1
0.3413172771928213,0.0,1
0.27099842910113814,0.0,1
0.3707390720842874,1.0,2
0.2599224968146429,0.0,1
0.3513133706271128,1.0,2
0.2022447891499444,0.0,0
0.4212194090018201,0.0,2
0.2979159970655224,0.0,1
0.26460328451024795,0.0,1
0.3298249507136217,0.0,1
0.1339059862552471,1.0,0
0.20161648025831588,0.0,0
0.16518977278345653,0.0,0
0.1197808794632693,0.0,0
0.5837098716199614,1.0,3
0.2920420058446183,1.0,1
0.6016488609080778,1.0,3
0.145155238747211,0.0,0
0.30926715715600417,0.0,1
0.1926453109311585,1.0,0
0.13388226978130627,0.0,0
0.23217497819213453,0.0,1
0.2803518320174322,1.0,1
0.7274277969036349,1.0,3
0.2951233597585733,0.0,1
0.5368908230888619,0.0,3
0.4251205016818225,0.0,2
0.05427101862141288,0.0,0
0.4073837177866488,1.0,2
0.41550109683570935,1.0,2
0.6478114359781701,1.0,3
0.5614132063596967,0.0,3
0.25467602228367686,1.0,1
0.20018220206532153,0.0,0
0.2756234165221938,0.0,1
0.39312089180841636,0.0,2
0.1567515268044255,0.0,0
0.5072164767085088,1.0,2
0.6040440876743717,1.0,3
0.09306745628224743,0.0,0
0.17933028322785566,0.0,0
0.06274467331059982,0.0,0
0.16743198531451128,1.0,0
0.35170210660851864,0.0,2
0.20229042083366047,0.0,0
0.29819125513862876,1.0,1
0.03892896903657642,0.0,0
0.14970735202868202,0.0,0
0.08316723109783117,0.0,0
0.08500491990948372,0.0,0
0.3409504521857396,0.0,1
0.2877876733030404,1.0,1
0.4119434320510232,0.0,2
0.3675656064338676,1.0,2
0.40886034795505727,1.0,2
0.14681059946820865,0.0,0
0.40720101186063146,1.0,2
0.19004212846986598,0.0,0
0.4619205145485832,1.0,2
0.4605911626601526,0.0,2
0.18488770476944044,0.0,0
0.3886272789853128,0.0,2
0.37986992164789823,0.0,2
0.08904532296151654,0.0,0
0.12411236745359208,0.0,0
0.1181162630019119,0.0,0
0.3179512600750035,0.0,1
0.14574245455269932,0.0,0
0.06851293148782155,0.0,0
0.29455642382723035,0.0,1
0.37753535645089,1.0,2
0.12844617036748351,0.0,0
0.34779329564033346,0.0,1
0.30559121274345763,0.0,1
0.39332409409911595,0.0,2
0.5246217916194007,1.0,3
0.07076217505030984,0.0,0
0.26282741744140925,0.0,1
0.18825721621892158,0.0,0
0.020017942204401333,0.0,0
0.6675313765280949,1.0,3
0.11838498247288268,0.0,0
0.2239691027526692,0.0,1
0.13523791330037616,0.0,0
0.1708738358234255,0.0,0
0.4819901051168096,1.0,2
0.23257968389493802,0.0,1
0.48659232590580753,1.0,2
0.2935148637463313,1.0,1
0.10725314036054737,0.0,0
0.48798093531134346,0.0,2
0.711034159865524,1.0,3
0.3902029761128923,0.0,2
0.5402490095350256,1.0,3
0.10357203079020788,0.0,0
0.15935877335240223,1.0,0
0.196530617354234,0.0,0
0.044967841003737484,0.0,0
0.09802533641940862,0.0,0
0.5653894504539188,0.0,3
0.435901048367185,0.0,2
0.41291248872002506,1.0,2
0.4868697487479326,1.0,2
0.20407081636595686,0.0,0
0.07399185896238512,0.0,0
0.06040786609380199,0.0,0
0.2571914558335837,0.0,1
0.28308899822723765,0.0,1
0.2640941593360543,1.0,1
0.09334541668974868,1.0,0
0.20958714908608084,0.0,0
0.26005493487743125,0.0,1
0.17317772799688674,0.0,0
0.07069129621698092,0.0,0
0.23836580745154531,0.0,1
0.17965935281214293,0.0,0
0.19836686492952887,0.0,0
0.1767973318977815,0.0,0
0.18040287545288802,1.0,0
0.41131462217571535,0.0,2
0.6862672883412573,1.0,3
0.37607449260828923,0.0,2
0.3576425176686405,0.0,2
0.23753286387518072,0.0,1
0.5764415181691834,1.0,3
0.14228512126471035,0.0,0
0.14919944510683456,0.0,0
0.4816664373855741,0.0,2
0.4591139263649224,0.0,2
0.5567836229380533,0.0,3
0.29871813714462403,0.0,1
0.13249736916033253,0.0,0
0.19674989935422124,0.0,0
0.08495544842273282,0.0,0
0.46516520596302613,0.0,2
0.24582161775928388,0.0,1
0.36062118601384663,0.0,2
0.4346409582892907,1.0,2
0.3429326533858189,0.0,1
0.12385161746411628,0.0,0
0.19654673725507635,0.0,0
0.04703634316852569,0.0,0
0.0625638110945656,0.0,0
0.23744572486258136,1.0,1
0.3207861412109366,0.0,1
0.5421649796261441,0.0,3
0.31172130792109554,1.0,1
0.3659103378726083,0.0,2
0.07422408166972544,0.0,0
0.4442552815696548,0.0,2
0.22528021301440446,0.0,1
0.3175927870683544,0.0,1
0.48203259167145124,1.0,2
0.3010263699254801,1.0,1
0.23092974053064447,0.0,1
0.3934040457595196,0.0,2
0.3934234888147753,1.0,2
0.11707391642629603,0.0,0
0.27589238818629563,0.0,1
0.28453778032781657,0.0,1
0.4237965978597667,1.0,2
0.25050495534131967,0.0,1
0.18619613017319447,1.0,0
0.251342514392543,1.0,1
0.12653280556849203,0.0,0
0.04365357044237175,0.0,0
0.29527290099163805,0.0,1
0.22591236206460563,0.0,1
0.2776957300724882,1.0,1
0.34361608568038193,0.0,1
0.32831758437828557,0.0,1
0.4699925791241551,0.0,2
0.24615793615366782,0.0,1
0.5212592464854751,1.0,3
0.4043281264355449,0.0,2
0.2232345330065768,0.0,1
0.3641269930071102,0.0,2
0.17222575787084474,1.0,0
0.3722785800736121,1.0,2
0.19985205151813332,0.0,0
0.3529397090326179,1.0,2
0.46757308147449117,1.0,2
0.3771185924603557,0.0,2
0.3307202289359394,0.0,1
0.39610550342861445,0.0,2
0.33952080696968473,0.0,1
0.5865460501055769,1.0,3
0.3756986980618494,0.0,2
0.42153623041327637,1.0,2
0.2945415920246795,1.0,1
0.17737813216662726,0.0,0
0.26628328992857936,0.0,1
0.0885648542044142,0.0,0
0.409097199212669,0.0,2
0.4856585013157972,0.0,2
0.6723977811658446,1.0,3
0.38865363926038227,0.0,2
0.34667321685769564,1.0,1
0.36022317110572416,0.0,2
0.4303615836232224,1.0,2
0.4670968093493499,1.0,2
0.1396992984637477,1.0,0
0.21392929166891794,0.0,0
0.09527020696784032,1.0,0
0.14071956781246892,0.0,0
0.28797320107783225,1.0,1
0.44561971751258,1.0,2
0.4978753970719964,1.0,2
0.07496775650423004,0.0,0
0.16133390425845615,0.0,0
0.3813442875137031,0.0,2
0.18862336654627937,0.0,0
0.11069961080604805,1.0,0
0.2199129141620238,0.0,1
0.09831721716657442,0.0,0
0.11365213292193965,0.0,0
0.195795209919777,0.0,0
0.250864801122526,1.0,1
0.30230679765598717,0.0,1
0.09305751394217672,0.0,0
0.3238279550154043,0.0,1
0.15876252362156126,0.0,0
0.2054897965764375,0.0,0
0.10139174595716201,0.0,0
0.6949313842567904,1.0,3
0.7060808386611181,1.0,3
0.13509346645292605,0.0,0
0.2998223538995914,0.0,1
0.23024816221926697,0.0,1
0.15213853970104685,1.0,0
0.27034553022071883,1.0,1
0.03685828083977975,0.0,0
0.054515762418589804,0.0,0
0.23175032749201033,0.0,1
0.029524138930947838,0.0,0
0.2497712498158591,0.0,1
0.12316763036984028,0.0,0
0.2528184589878443,0.0,1
0.2365155829329038,0.0,1
0.48918532343212584,1.0,2
0.25412676596074707,0.0,1
0.38127348117976434,1.0,2
0.08632523825149799,0.0,0
0.29882069145210843,1.0,1
0.2662267112967686,0.0,1
0.2693923656695732,1.0,1
0.2641666883763871,0.0,1
0.49507572014777623,0.0,2
0.34444847557801767,1.0,1
0.3131007266221637,0.0,1
0.21216222093008533,0.0,0
0.3668851229758734,1.0,2
0.4831054108948562,1.0,2
0.3198686870640911,0.0,1
0.21751470807023277,0.0,0
0.34745764621575637,0.0,1
0.22726931083024318,1.0,1
0.41736993059875727,1.0,2
0.25272739314169274,0.0,1
0.14384484964613004,0.0,0
0.6548713641054507,1.0,3
0.5102661420545243,1.0,3
0.4521720757621057,0.0,2
0.27420991148447776,0.0,1
0.25080226392801547,0.0,1
0.47225877984045717,1.0,2
0.10283311470754984,0.0,0
0.3233586340272623,0.0,1
0.23949278668254181,0.0,1
0.18587650233982106,0.0,0
0.16609439945387824,0.0,0
0.5565544004372257,1.0,3
0.43182549863166575,1.0,2
0.1659609447042499,0.0,0
0.07696087948393782,0.0,0
0.053592282143693014,0.0,0
0.3536654489111556,1.0,2
0.7400453147739787,1.0,3
0.3000994701230098,0.0,1
0.1013528074761135,0.0,0
0.3553167383906094,1.0,2
0.21079447447668323,0.0,0
0.2199150502635109,0.0,1
0.3531460661915122,1.0,2
0.07659010046265118,0.0,0
0.5831590782313438,0.0,3
0.3152040630615881,1.0,1
0.3244719061386687,1.0,1
0.17033534870547992,1.0,0
0.07656059845477416,0.0,0
0.2730682789468027,0.0,1
0.20009896610650163,0.0,0
0.43789136843476933,0.0,2
0.09998431668109707,0.0,0
0.521234589604837,1.0,3
0.047292218456195786,0.0,0
0.33161586175778673,1.0,1
0.11079413740434774,0.0,0
0.07000274043436101,0.0,0
0.2974231398919016,0.0,1
0.23870389423103877,1.0,1
0.7556134428601057,1.0,3
0.22920789578467654,1.0,1
0.3657895860548157,0.0,2
0.1543278759728126,0.0,0
0.31526411142094324,0.0,1
0.2587795561883987,0.0,1
0.05907202279184722,0.0,0
0.43153876862233503,1.0,2
0.5081085397108365,0.0,2
0.27301286963295607,0.0,1
0.6648479044366205,1.0,3
0.28266007550543704,0.0,1
0.24794203594074318,0.0,1
0.22909258732211543,0.0,1
0.1669426721404396,1.0,0
0.36056547429532143,1.0,2
0.31542108478431363,0.0,1
0.5277990111107829,1.0,3
0.046985495502043007,0.0,0
0.41053064656159755,0.0,2
0.11769543059053776,0.0,0
0.2972066893187907,1.0,1
0.2432541508836056,0.0,1
0.03275237062473943,0.0,0
0.09360792104181036,0.0,0
0.6101952951261383,1.0,3
0.23962901553481458,1.0,1
0.4012343457696896,1.0,2
0.30155947994217486,0.0,1
0.20869222337665724,0.0,0
0.08497145699239131,0.0,0
0.6936480485972081,1.0,3
0.3885413231448013,0.0,2
0.41692825363367136,1.0,2
0.15841068657578952,1.0,0
0.3844164640934535,0.0,2
0.044812465311859416,0.0,0
0.0530420875771468,1.0,0
0.28110377921697166,0.0,1
0.13960260752225215,0.0,0
0.1655471719256774,0.0,0
0.1757999151351846,0.0,0
0.1743507059393612,0.0,0
0.10466449127494482,0.0,0
0.6437627032783727,1.0,3
0.21244497949440436,0.0,0
0.18997106190304205,1.0,0
0.12059806208259878,0.0,0
0.27485796700420784,0.0,1
0.6770204810107178,1.0,3
0.2658247477179204,0.0,1
0.5425334398323548,0.0,3
0.30448875020586647,0.0,1
0.1958598239286975,0.0,0
0.02552340591158228,0.0,0
0.238708977460384,0.0,1
0.26807863855989356,0.0,1
0.13244362724972863,0.0,0
0.23041696202033018,0.0,1
0.12921507322278422,0.0,0
0.18228487404612403,0.0,0
0.14671587482432044,1.0,0
0.25297648756138646,0.0,1
0.1223076317316199,0.0,0
0.5288457203765408,0.0,3
0.29790108612805755,0.0,1
0.10713659940976347,0.0,0
0.1482836388057539,0.0,0
0.17802770653918026,0.0,0
0.40035759923688286,1.0,2
0.3846350650416097,1.0,2
0.11685113331413408,0.0,0
0.5926594299437274,1.0,3
0.22723283096143515,0.0,1
0.21799462114586798,0.0,0
0.2030613995253508,0.0,0
0.21853833556921898,0.0,0
0.24920929175800852,1.0,1
0.14761506043686384,0.0,0
0.18228154566628174,0.0,0
0.15109318047211573,0.0,0
0.14381340519084526,0.0,0
0.2192638829942618,0.0,1
0.18172043036580485,0.0,0
0.43859697866030056,0.0,2
0.33458187670938944,0.0,1
0.2876895290964728,0.0,1
0.34771588496804695,0.0,1
0.4767911930567074,1.0,2
0.38119439303862424,1.0,2
0.3722929737880661,1.0,2
0.0706024023480813,0.0,0
0.16667270152854244,0.0,0
0.28148963966499213,0.0,1
0.39449739948115853,0.0,2
0.35599754319950794,0.0,2
0.1785050009795832,0.0,0
0.0890076600702508,0.0,0
0.28165046363550955,0.0,1
0.10325333214608563,0.0,0
0.2559658716950654,0.0,1
0.2068974804893457,0.0,0
0.09872968817659745,1.0,0
0.41070910595628746,1.0,2
0.4495323848578794,0.0,2
0.25059892734696343,0.0,1
0.18203766534957733,0.0,0
0.44970338527680737,0.0,2
0.31958346401214627,1.0,1
0.15582024343306497,0.0,0
0.39996514489711404,0.0,2
0.17244750636866346,0.0,0
0.7181523908738022,0.0,3
0.2705880345621408,1.0,1
0.40361281577316793,0.0,2
0.6161424490014125,1.0,3
0.2550672797622358,0.0,1
0.053811881344810096,0.0,0
0.1249614333970986,0.0,0
0.3296576897331487,0.0,1
0.3039251942698721,0.0,1
0.10340801823006505,0.0,0
0.3653657537980029,0.0,2
0.36630693187574415,0.0,2
0.21279537011626093,0.0,0
0.6926465276716436,1.0,3
0.17530625221768067,0.0,0
0.3123376522738699,0.0,1
0.12527931999286354,0.0,0
0.1350660060917633,0.0,0
0.14688421358184484,0.0,0
0.34205232156621307,0.0,1
0.19059996093181558,0.0,0
0.22048995283565528,0.0,1
0.3542865564734875,0.0,2
0.10759942320050402,0.0,0
0.19560889479283494,0.0,0
0.4080546567542002,0.0,2
0.6122538404430874,1.0,3
0.4168441809400435,1.0,2
0.2444700687291768,0.0,1
0.3726365511026629,1.0,2
0.35332751883971036,0.0,2
0.38062645341162377,1.0,2
0.2614927361035873,0.0,1
0.14343592003822067,0.0,0
0.29773694009972423,0.0,1
0.7246720156747759,1.0,3
0.3998686950237578,0.0,2
0.26732298935375176,0.0,1
0.47227168090089355,0.0,2
0.0658785378660397,0.0,0
0.2264563861390428,1.0,1
0.39330401191573355,0.0,2
0.46514351227514317,0.0,2
0.1744508561794031,0.0,0
0.09753656795283892,0.0,0
0.3635130255391519,1.0,2
0.2378774836060366,0.0,1
0.3967801492408629,1.0,2
0.3013273457886037,0.0,1
0.355064613820132,0.0,2
0.30767118367224733,0.0,1
0.3497391361607736,0.0,1
0.07409819111800925,0.0,0
0.1548778355398753,0.0,0
0.31267407510976697,0.0,1
0.1480853646672812,0.0,0
0.5344698261993687,0.0,3
0.29743438543968587,1.0,1
0.5010592516402995,1.0,2
0.09360530077467727,0.0,0
0.5863992814978477,0.0,3
0.15871317943822735,0.0,0
0.050612753021691936,0.0,0
0.11835820243996474,1.0,0
0.6293167708727279,1.0,3
0.24624167585503887,0.0,1
0.28876660509592755,1.0,1
0.22778709054937346,0.0,1
0.3017984340743247,0.0,1
0.48505437645868604,0.0,2
0.3062105041222787,0.0,1
0.5169521966826962,0.0,3
0.33248772808347604,1.0,1
0.18661916606825343,0.0,0
0.29575689599468097,0.0,1
0.1056927944126468,0.0,0
0.19709744122413692,0.0,0
0.2840891322822281,0.0,1
0.25957951075089525,1.0,1
0.2872498533098514,1.0,1
0.4774725997559358,1.0,2
0.18121095251800448,0.0,0
0.37764576663931476,0.0,2
0.2787495244513976,1.0,1
0.5333617729308365,1.0,3
0.10545214044695622,0.0,0
0.5741672728789593,1.0,3
0.17762945709054237,1.0,0
0.13280608188282692,0.0,0
0.5062895296798952,0.0,2
0.287075296380571,0.0,1
0.4646664709612361,0.0,2
0.1356312298030773,0.0,0
0.10259100418243677,0.0,0
0.19374181085924008,0.0,0
0.07352316443883507,1.0,0
0.19324520675218462,0.0,0
0.4820586366344175,1.0,2
0.32026812530687737,1.0,1
0.2516849145581922,1.0,1
0.2116646241783359,0.0,0
0.16591113285242823,0.0,0
0.28157917965736523,0.0,1
0.14936330059697714,0.0,0
0.32354657942220494,1.0,1
0.39809584186680447,0.0,2
0.05998190671162213,0.0,0
0.4295367583384261,0.0,2
0.19185001602855692,1.0,0
0.05583682671495686,0.0,0
0.29116252974592444,0.0,1
0.39927660450354846,1.0,2
0.1473624229668281,0.0,0
0.04565447238063731,0.0,0
0.09491331751508941,0.0,0
0.10546282177492014,0.0,0
0.14858334751497826,0.0,0
0.592868426149308,1.0,3
0.4034887259947958,1.0,2
0.30286672464947156,0.0,1
0.18486447669337916,1.0,0
0.27666242405930014,1.0,1
0.43969808562324786,0.0,2
0.4886825246924785,0.0,2
0.2519959104231042,0.0,1
0.1838328630412848,0.0,0
0.2946653383801201,1.0,1
0.30598161471864427,0.0,1
0.1356292418700967,0.0,0
0.24548322805198017,0.0,1
0.287356759301486,0.0,1
0.3976579398444723,1.0,2
0.5694309165715866,1.0,3
0.4979386734382729,1.0,2
0.43015117484758114,1.0,2
0.10375012063685744,1.0,0
0.35347076102575176,1.0,2
0.669626674204151,1.0,3
0.14818759619260416,1.0,0
0.2627201407631015,1.0,1
0.4719866746375964,1.0,2
0.15161624893227865,0.0,0
0.48783649302138954,0.0,2
0.23698873302909532,0.0,1
0.3323410805428375,1.0,1
0.2906209196400111,0.0,1
0.36865480669347445,0.0,2
0.16022304275663676,0.0,0
0.13783097806814373,0.0,0
0.3063350063092723,1.0,1
0.24275741456616323,0.0,1
0.2564243856274458,0.0,1
0.18335102839542933,0.0,0
0.35230535524249235,0.0,2
0.04290289579150545,0.0,0
0.4356642689962859,1.0,2
0.444667728780331,1.0,2
0.29411300553157266,0.0,1
0.25620395797069195,1.0,1
0.475528052080942,1.0,2
0.5556333246701355,1.0,3
0.4598086133386788,1.0,2
0.29165981199059376,0.0,1
0.25424573353210084,0.0,1
0.5800446405149126,1.0,3
0.081241129930781,1.0,0
0.22235291656360487,1.0,1
0.21247897668810575,0.0,0
0.2563192707566718,0.0,1
0.15160790007425384,1.0,0
0.6251737355217151,0.0,3
0.4219883168245329,1.0,2
0.5841315522219886,1.0,3
0.16474915162405163,0.0,0
0.24826510128625423,1.0,1
0.09725801655748888,0.0,0
0.14973432936162712,0.0,0
0.4352991265214233,1.0,2
0.15460775597898316,0.0,0
0.03449523384948056,0.0,0
0.12026733541522155,0.0,0
0.3317167938434148,1.0,1
0.32495146619970255,0.0,1
0.3344263157394098,0.0,1
0.28875969124131806,0.0,1
0.12666868238180692,0.0,0
0.05659568228031671,0.0,0
0.5166634536986908,1.0,3
0.4072022831299203,1.0,2
0.20069086402621625,0.0,0
0.7301219894454278,1.0,3
0.5270769660854449,0.0,3
0.03751488088867636,0.0,0
0.20564687848478688,0.0,0
0.5517079165856956,0.0,3
0.13442270637550893,0.0,0
0.18475543792269206,0.0,0
0.05601621712281728,0.0,0
0.2657252220709409,1.0,1
0.06417694328927229,0.0,0
0.03143804057796566,0.0,0
0.038552572590089755,0.0,0
0.12385247860470147,0.0,0
0.21477948850710035,0.0,0
0.2682550128435495,0.0,1
0.08924665807863139,0.0,0
0.45512842878275517,0.0,2
0.3371407142767179,0.0,1
0.07427292645498353,0.0,0
0.41774370047317483,0.0,2
0.3301681010697545,1.0,1
0.1372649761504885,0.0,0
0.24894090932411983,1.0,1
0.2343441552866335,1.0,1
0.4807852545647007,0.0,2
0.22181569334524973,0.0,1
0.41043061984381024,1.0,2
0.29774653603999623,0.0,1
0.2980566582262006,0.0,1
0.6340809827171747,0.0,3
0.09421564733584545,1.0,0
0.10461387818043469,0.0,0
0.24825926011652846,1.0,1
0.06661401448233736,0.0,0
0.1846822230335997,0.0,0
0.5751749450648193,1.0,3
0.4275666702617622,0.0,2
0.4932447792421666,0.0,2
0.18555810395510022,0.0,0
0.14341967269670874,0.0,0
0.3205066485607437,0.0,1
0.34526304882202635,0.0,1
0.3317714695558326,1.0,1
0.19562540671888415,0.0,0
0.09934099613406483,0.0,0
0.3142874276473306,0.0,1
0.315882078266675,1.0,1
0.4490519352648502,1.0,2
0.3892131766908009,0.0,2
0.09199488089207467,1.0,0
0.19210919441178184,1.0,0
0.2476340671498172,0.0,1
0.42305518147065074,0.0,2
0.2483669112053997,0.0,1
0.11530806213000866,0.0,0
0.39879157921546604,0.0,2
0.19563305601760356,0.0,0
0.42405396850190397,0.0,2
0.40462702461808037,1.0,2
0.29297291128060504,1.0,1
0.1742121392814805,0.0,0
0.3840823761286952,1.0,2
0.11622546237046566,0.0,0
0.5179776328905507,0.0,3
0.36857018959688514,1.0,2
0.6079052838545791,1.0,3
0.24271315187616008,0.0,1
0.23122675199019127,0.0,1
0.3184408621005978,0.0,1
0.5335949140239806,1.0,3
0.325563911141107,0.0,1
0.3190839206173819,0.0,1
0.16647982074583062,0.0,0
0.3020563701496038,1.0,1
0.35107271820207475,1.0,2
0.4297800245435005,1.0,2
0.34947946379948247,0.0,1
0.3802151169900281,1.0,2
0.43617639105873973,0.0,2
0.0648943447739785,0.0,0
0.3785474866459772,0.0,2
0.25989023080526497,0.0,1
